venue,team1,team2,toss_winner,toss_decision,winner
M Chinnaswamy Stadium,Royal Challengers Bangalore,Kolkata Knight Riders,Royal Challengers Bangalore,field,Kolkata Knight Riders
"Punjab Cricket Association Stadium, Mohali",Kings XI Punjab,Chennai Super Kings,Chennai Super Kings,bat,Chennai Super Kings
Feroz Shah Kotla,Delhi Daredevils,Rajasthan Royals,Rajasthan Royals,bat,Delhi Daredevils
Wankhede Stadium,Mumbai Indians,Royal Challengers Bangalore,Mumbai Indians,bat,Royal Challengers Bangalore
Eden Gardens,Kolkata Knight Riders,Deccan Chargers,Deccan Chargers,bat,Kolkata Knight Riders
Sawai Mansingh Stadium,Rajasthan Royals,Kings XI Punjab,Kings XI Punjab,bat,Rajasthan Royals
"Rajiv Gandhi International Stadium, Uppal",Deccan Chargers,Delhi Daredevils,Deccan Chargers,bat,Delhi Daredevils
"MA Chidambaram Stadium, Chepauk",Chennai Super Kings,Mumbai Indians,Mumbai Indians,field,Chennai Super Kings
"Rajiv Gandhi International Stadium, Uppal",Deccan Chargers,Rajasthan Royals,Rajasthan Royals,field,Rajasthan Royals
"Punjab Cricket Association Stadium, Mohali",Kings XI Punjab,Mumbai Indians,Mumbai Indians,field,Kings XI Punjab
M Chinnaswamy Stadium,Royal Challengers Bangalore,Rajasthan Royals,Rajasthan Royals,field,Rajasthan Royals
"MA Chidambaram Stadium, Chepauk",Chennai Super Kings,Kolkata Knight Riders,Kolkata Knight Riders,bat,Chennai Super Kings
Dr DY Patil Sports Academy,Mumbai Indians,Deccan Chargers,Deccan Chargers,field,Deccan Chargers
"Punjab Cricket Association Stadium, Mohali",Kings XI Punjab,Delhi Daredevils,Delhi Daredevils,bat,Kings XI Punjab
M Chinnaswamy Stadium,Royal Challengers Bangalore,Chennai Super Kings,Chennai Super Kings,bat,Chennai Super Kings
Eden Gardens,Kolkata Knight Riders,Mumbai Indians,Kolkata Knight Riders,bat,Mumbai Indians
Feroz Shah Kotla,Delhi Daredevils,Royal Challengers Bangalore,Royal Challengers Bangalore,field,Delhi Daredevils
"Rajiv Gandhi International Stadium, Uppal",Deccan Chargers,Kings XI Punjab,Kings XI Punjab,field,Kings XI Punjab
Sawai Mansingh Stadium,Rajasthan Royals,Kolkata Knight Riders,Rajasthan Royals,bat,Rajasthan Royals
"MA Chidambaram Stadium, Chepauk",Chennai Super Kings,Delhi Daredevils,Chennai Super Kings,bat,Delhi Daredevils
"Rajiv Gandhi International Stadium, Uppal",Deccan Chargers,Royal Challengers Bangalore,Deccan Chargers,bat,Royal Challengers Bangalore
"Punjab Cricket Association Stadium, Mohali",Kings XI Punjab,Kolkata Knight Riders,Kings XI Punjab,bat,Kings XI Punjab
Dr DY Patil Sports Academy,Mumbai Indians,Delhi Daredevils,Delhi Daredevils,field,Mumbai Indians
Sawai Mansingh Stadium,Rajasthan Royals,Chennai Super Kings,Chennai Super Kings,bat,Rajasthan Royals
M Chinnaswamy Stadium,Royal Challengers Bangalore,Kings XI Punjab,Kings XI Punjab,field,Kings XI Punjab
"MA Chidambaram Stadium, Chepauk",Chennai Super Kings,Deccan Chargers,Deccan Chargers,field,Deccan Chargers
Dr DY Patil Sports Academy,Mumbai Indians,Rajasthan Royals,Mumbai Indians,field,Mumbai Indians
Feroz Shah Kotla,Delhi Daredevils,Chennai Super Kings,Chennai Super Kings,field,Chennai Super Kings
Eden Gardens,Kolkata Knight Riders,Royal Challengers Bangalore,Kolkata Knight Riders,bat,Kolkata Knight Riders
Sawai Mansingh Stadium,Rajasthan Royals,Deccan Chargers,Rajasthan Royals,field,Rajasthan Royals
M Chinnaswamy Stadium,Royal Challengers Bangalore,Mumbai Indians,Mumbai Indians,field,Mumbai Indians
"MA Chidambaram Stadium, Chepauk",Chennai Super Kings,Kings XI Punjab,Kings XI Punjab,field,Chennai Super Kings
"Rajiv Gandhi International Stadium, Uppal",Deccan Chargers,Kolkata Knight Riders,Kolkata Knight Riders,bat,Kolkata Knight Riders
Sawai Mansingh Stadium,Rajasthan Royals,Delhi Daredevils,Rajasthan Royals,field,Rajasthan Royals
"Punjab Cricket Association Stadium, Mohali",Kings XI Punjab,Royal Challengers Bangalore,Royal Challengers Bangalore,bat,Kings XI Punjab
Eden Gardens,Kolkata Knight Riders,Delhi Daredevils,Kolkata Knight Riders,bat,Kolkata Knight Riders
Wankhede Stadium,Mumbai Indians,Chennai Super Kings,Mumbai Indians,field,Mumbai Indians
"Punjab Cricket Association Stadium, Mohali",Kings XI Punjab,Rajasthan Royals,Rajasthan Royals,field,Kings XI Punjab
Feroz Shah Kotla,Delhi Daredevils,Deccan Chargers,Deccan Chargers,field,Delhi Daredevils
Wankhede Stadium,Mumbai Indians,Kolkata Knight Riders,Mumbai Indians,field,Mumbai Indians
Feroz Shah Kotla,Delhi Daredevils,Kings XI Punjab,Delhi Daredevils,bat,Kings XI Punjab
Sawai Mansingh Stadium,Rajasthan Royals,Royal Challengers Bangalore,Royal Challengers Bangalore,field,Rajasthan Royals
"Rajiv Gandhi International Stadium, Uppal",Deccan Chargers,Mumbai Indians,Deccan Chargers,field,Mumbai Indians
Eden Gardens,Kolkata Knight Riders,Chennai Super Kings,Kolkata Knight Riders,bat,Chennai Super Kings
M Chinnaswamy Stadium,Royal Challengers Bangalore,Delhi Daredevils,Delhi Daredevils,field,Delhi Daredevils
Eden Gardens,Kolkata Knight Riders,Rajasthan Royals,Rajasthan Royals,field,Rajasthan Royals
Wankhede Stadium,Mumbai Indians,Kings XI Punjab,Mumbai Indians,field,Kings XI Punjab
"MA Chidambaram Stadium, Chepauk",Chennai Super Kings,Royal Challengers Bangalore,Royal Challengers Bangalore,bat,Royal Challengers Bangalore
"Punjab Cricket Association Stadium, Mohali",Kings XI Punjab,Deccan Chargers,Kings XI Punjab,field,Kings XI Punjab
Feroz Shah Kotla,Delhi Daredevils,Mumbai Indians,Delhi Daredevils,field,Delhi Daredevils
"MA Chidambaram Stadium, Chepauk",Chennai Super Kings,Rajasthan Royals,Rajasthan Royals,bat,Rajasthan Royals
M Chinnaswamy Stadium,Royal Challengers Bangalore,Deccan Chargers,Deccan Chargers,field,Royal Challengers Bangalore
Eden Gardens,Kolkata Knight Riders,Kings XI Punjab,Kings XI Punjab,bat,Kolkata Knight Riders
Sawai Mansingh Stadium,Rajasthan Royals,Mumbai Indians,Rajasthan Royals,field,Rajasthan Royals
"Rajiv Gandhi International Stadium, Uppal",Deccan Chargers,Chennai Super Kings,Deccan Chargers,bat,Chennai Super Kings
Wankhede Stadium,Delhi Daredevils,Rajasthan Royals,Delhi Daredevils,field,Rajasthan Royals
Wankhede Stadium,Chennai Super Kings,Kings XI Punjab,Kings XI Punjab,bat,Chennai Super Kings
Dr DY Patil Sports Academy,Chennai Super Kings,Rajasthan Royals,Rajasthan Royals,field,Rajasthan Royals
Newlands,Chennai Super Kings,Mumbai Indians,Chennai Super Kings,field,Mumbai Indians
Newlands,Royal Challengers Bangalore,Rajasthan Royals,Royal Challengers Bangalore,bat,Royal Challengers Bangalore
Newlands,Delhi Daredevils,Kings XI Punjab,Delhi Daredevils,field,Delhi Daredevils
Newlands,Deccan Chargers,Kolkata Knight Riders,Kolkata Knight Riders,bat,Deccan Chargers
St George's Park,Royal Challengers Bangalore,Chennai Super Kings,Chennai Super Kings,bat,Chennai Super Kings
Kingsmead,Kings XI Punjab,Kolkata Knight Riders,Kolkata Knight Riders,field,Kolkata Knight Riders
Newlands,Royal Challengers Bangalore,Deccan Chargers,Deccan Chargers,bat,Deccan Chargers
Kingsmead,Chennai Super Kings,Delhi Daredevils,Delhi Daredevils,bat,Delhi Daredevils
Newlands,Kolkata Knight Riders,Rajasthan Royals,Kolkata Knight Riders,field,Rajasthan Royals
Kingsmead,Royal Challengers Bangalore,Kings XI Punjab,Royal Challengers Bangalore,bat,Kings XI Punjab
Kingsmead,Deccan Chargers,Mumbai Indians,Deccan Chargers,bat,Deccan Chargers
St George's Park,Royal Challengers Bangalore,Delhi Daredevils,Royal Challengers Bangalore,bat,Delhi Daredevils
Newlands,Kings XI Punjab,Rajasthan Royals,Kings XI Punjab,bat,Kings XI Punjab
Kingsmead,Chennai Super Kings,Deccan Chargers,Deccan Chargers,field,Deccan Chargers
St George's Park,Kolkata Knight Riders,Mumbai Indians,Mumbai Indians,bat,Mumbai Indians
SuperSport Park,Delhi Daredevils,Rajasthan Royals,Delhi Daredevils,bat,Rajasthan Royals
Kingsmead,Royal Challengers Bangalore,Kolkata Knight Riders,Kolkata Knight Riders,bat,Royal Challengers Bangalore
Kingsmead,Kings XI Punjab,Mumbai Indians,Kings XI Punjab,bat,Kings XI Punjab
SuperSport Park,Deccan Chargers,Delhi Daredevils,Delhi Daredevils,field,Delhi Daredevils
SuperSport Park,Chennai Super Kings,Rajasthan Royals,Rajasthan Royals,field,Chennai Super Kings
Buffalo Park,Kolkata Knight Riders,Mumbai Indians,Mumbai Indians,bat,Mumbai Indians
Kingsmead,Royal Challengers Bangalore,Kings XI Punjab,Royal Challengers Bangalore,bat,Royal Challengers Bangalore
St George's Park,Deccan Chargers,Rajasthan Royals,Deccan Chargers,bat,Rajasthan Royals
New Wanderers Stadium,Chennai Super Kings,Delhi Daredevils,Delhi Daredevils,field,Chennai Super Kings
St George's Park,Kings XI Punjab,Kolkata Knight Riders,Kolkata Knight Riders,bat,Kings XI Punjab
New Wanderers Stadium,Royal Challengers Bangalore,Mumbai Indians,Mumbai Indians,bat,Royal Challengers Bangalore
Buffalo Park,Chennai Super Kings,Deccan Chargers,Chennai Super Kings,bat,Chennai Super Kings
Kingsmead,Kings XI Punjab,Rajasthan Royals,Kings XI Punjab,field,Rajasthan Royals
Kingsmead,Delhi Daredevils,Kolkata Knight Riders,Kolkata Knight Riders,bat,Delhi Daredevils
SuperSport Park,Deccan Chargers,Mumbai Indians,Deccan Chargers,bat,Deccan Chargers
SuperSport Park,Royal Challengers Bangalore,Rajasthan Royals,Rajasthan Royals,field,Rajasthan Royals
SuperSport Park,Chennai Super Kings,Kings XI Punjab,Chennai Super Kings,bat,Chennai Super Kings
Buffalo Park,Delhi Daredevils,Mumbai Indians,Mumbai Indians,bat,Delhi Daredevils
De Beers Diamond Oval,Deccan Chargers,Kings XI Punjab,Kings XI Punjab,field,Kings XI Punjab
De Beers Diamond Oval,Chennai Super Kings,Rajasthan Royals,Rajasthan Royals,bat,Chennai Super Kings
St George's Park,Royal Challengers Bangalore,Mumbai Indians,Mumbai Indians,bat,Mumbai Indians
New Wanderers Stadium,Delhi Daredevils,Kolkata Knight Riders,Delhi Daredevils,field,Delhi Daredevils
De Beers Diamond Oval,Deccan Chargers,Rajasthan Royals,Deccan Chargers,bat,Deccan Chargers
SuperSport Park,Royal Challengers Bangalore,Kolkata Knight Riders,Royal Challengers Bangalore,field,Royal Challengers Bangalore
SuperSport Park,Kings XI Punjab,Mumbai Indians,Kings XI Punjab,bat,Mumbai Indians
Kingsmead,Deccan Chargers,Delhi Daredevils,Deccan Chargers,field,Delhi Daredevils
Kingsmead,Royal Challengers Bangalore,Chennai Super Kings,Chennai Super Kings,bat,Royal Challengers Bangalore
Kingsmead,Mumbai Indians,Rajasthan Royals,Rajasthan Royals,bat,Rajasthan Royals
OUTsurance Oval,Delhi Daredevils,Kings XI Punjab,Kings XI Punjab,field,Kings XI Punjab
St George's Park,Chennai Super Kings,Mumbai Indians,Mumbai Indians,bat,Chennai Super Kings
New Wanderers Stadium,Deccan Chargers,Kolkata Knight Riders,Deccan Chargers,field,Deccan Chargers
New Wanderers Stadium,Deccan Chargers,Kings XI Punjab,Deccan Chargers,field,Kings XI Punjab
OUTsurance Oval,Delhi Daredevils,Rajasthan Royals,Delhi Daredevils,bat,Delhi Daredevils
SuperSport Park,Chennai Super Kings,Kolkata Knight Riders,Chennai Super Kings,bat,Kolkata Knight Riders
New Wanderers Stadium,Royal Challengers Bangalore,Delhi Daredevils,Delhi Daredevils,bat,Royal Challengers Bangalore
Kingsmead,Kolkata Knight Riders,Rajasthan Royals,Kolkata Knight Riders,field,Kolkata Knight Riders
Kingsmead,Chennai Super Kings,Kings XI Punjab,Chennai Super Kings,bat,Chennai Super Kings
SuperSport Park,Delhi Daredevils,Mumbai Indians,Delhi Daredevils,field,Delhi Daredevils
SuperSport Park,Royal Challengers Bangalore,Deccan Chargers,Royal Challengers Bangalore,bat,Royal Challengers Bangalore
SuperSport Park,Delhi Daredevils,Deccan Chargers,Deccan Chargers,field,Deccan Chargers
New Wanderers Stadium,Royal Challengers Bangalore,Chennai Super Kings,Royal Challengers Bangalore,field,Royal Challengers Bangalore
New Wanderers Stadium,Royal Challengers Bangalore,Deccan Chargers,Royal Challengers Bangalore,field,Deccan Chargers
Dr DY Patil Sports Academy,Deccan Chargers,Kolkata Knight Riders,Deccan Chargers,field,Kolkata Knight Riders
Brabourne Stadium,Mumbai Indians,Rajasthan Royals,Mumbai Indians,bat,Mumbai Indians
"Punjab Cricket Association Stadium, Mohali",Kings XI Punjab,Delhi Daredevils,Delhi Daredevils,field,Delhi Daredevils
Eden Gardens,Kolkata Knight Riders,Royal Challengers Bangalore,Kolkata Knight Riders,field,Kolkata Knight Riders
"MA Chidambaram Stadium, Chepauk",Chennai Super Kings,Deccan Chargers,Deccan Chargers,bat,Deccan Chargers
"Sardar Patel Stadium, Motera",Rajasthan Royals,Delhi Daredevils,Delhi Daredevils,field,Delhi Daredevils
M Chinnaswamy Stadium,Royal Challengers Bangalore,Kings XI Punjab,Kings XI Punjab,bat,Royal Challengers Bangalore
Eden Gardens,Kolkata Knight Riders,Chennai Super Kings,Chennai Super Kings,bat,Chennai Super Kings
Feroz Shah Kotla,Delhi Daredevils,Mumbai Indians,Delhi Daredevils,field,Mumbai Indians
M Chinnaswamy Stadium,Royal Challengers Bangalore,Rajasthan Royals,Royal Challengers Bangalore,field,Royal Challengers Bangalore
Feroz Shah Kotla,Delhi Daredevils,Chennai Super Kings,Delhi Daredevils,bat,Chennai Super Kings
Barabati Stadium,Deccan Chargers,Kings XI Punjab,Kings XI Punjab,field,Deccan Chargers
"Sardar Patel Stadium, Motera",Rajasthan Royals,Kolkata Knight Riders,Rajasthan Royals,bat,Rajasthan Royals
Brabourne Stadium,Mumbai Indians,Royal Challengers Bangalore,Mumbai Indians,bat,Royal Challengers Bangalore
Barabati Stadium,Deccan Chargers,Delhi Daredevils,Deccan Chargers,bat,Deccan Chargers
"MA Chidambaram Stadium, Chepauk",Chennai Super Kings,Kings XI Punjab,Chennai Super Kings,field,Kings XI Punjab
Brabourne Stadium,Mumbai Indians,Kolkata Knight Riders,Kolkata Knight Riders,bat,Mumbai Indians
M Chinnaswamy Stadium,Royal Challengers Bangalore,Chennai Super Kings,Chennai Super Kings,field,Royal Challengers Bangalore
"Punjab Cricket Association Stadium, Mohali",Kings XI Punjab,Rajasthan Royals,Kings XI Punjab,field,Rajasthan Royals
Brabourne Stadium,Mumbai Indians,Chennai Super Kings,Mumbai Indians,field,Mumbai Indians
"Sardar Patel Stadium, Motera",Rajasthan Royals,Deccan Chargers,Deccan Chargers,bat,Rajasthan Royals
"Punjab Cricket Association Stadium, Mohali",Kings XI Punjab,Kolkata Knight Riders,Kolkata Knight Riders,bat,Kolkata Knight Riders
M Chinnaswamy Stadium,Royal Challengers Bangalore,Delhi Daredevils,Royal Challengers Bangalore,field,Delhi Daredevils
"Sardar Patel Stadium, Motera",Rajasthan Royals,Chennai Super Kings,Rajasthan Royals,bat,Rajasthan Royals
Dr DY Patil Sports Academy,Deccan Chargers,Mumbai Indians,Deccan Chargers,field,Mumbai Indians
Feroz Shah Kotla,Delhi Daredevils,Kolkata Knight Riders,Delhi Daredevils,bat,Delhi Daredevils
Brabourne Stadium,Mumbai Indians,Kings XI Punjab,Mumbai Indians,field,Mumbai Indians
"MA Chidambaram Stadium, Chepauk",Chennai Super Kings,Royal Challengers Bangalore,Royal Challengers Bangalore,bat,Chennai Super Kings
Feroz Shah Kotla,Delhi Daredevils,Rajasthan Royals,Delhi Daredevils,bat,Delhi Daredevils
Eden Gardens,Kolkata Knight Riders,Deccan Chargers,Kolkata Knight Riders,bat,Kolkata Knight Riders
"Punjab Cricket Association Stadium, Mohali",Kings XI Punjab,Royal Challengers Bangalore,Kings XI Punjab,bat,Royal Challengers Bangalore
"MA Chidambaram Stadium, Chepauk",Chennai Super Kings,Rajasthan Royals,Chennai Super Kings,bat,Chennai Super Kings
Brabourne Stadium,Mumbai Indians,Deccan Chargers,Mumbai Indians,bat,Mumbai Indians
Eden Gardens,Kolkata Knight Riders,Kings XI Punjab,Kolkata Knight Riders,bat,Kings XI Punjab
Feroz Shah Kotla,Delhi Daredevils,Royal Challengers Bangalore,Delhi Daredevils,bat,Delhi Daredevils
"Vidarbha Cricket Association Stadium, Jamtha",Deccan Chargers,Rajasthan Royals,Rajasthan Royals,bat,Rajasthan Royals
"MA Chidambaram Stadium, Chepauk",Chennai Super Kings,Mumbai Indians,Chennai Super Kings,bat,Chennai Super Kings
Sawai Mansingh Stadium,Rajasthan Royals,Kings XI Punjab,Kings XI Punjab,bat,Rajasthan Royals
Eden Gardens,Kolkata Knight Riders,Delhi Daredevils,Kolkata Knight Riders,bat,Kolkata Knight Riders
M Chinnaswamy Stadium,Royal Challengers Bangalore,Deccan Chargers,Deccan Chargers,field,Deccan Chargers
"Punjab Cricket Association Stadium, Mohali",Kings XI Punjab,Mumbai Indians,Mumbai Indians,bat,Kings XI Punjab
"Vidarbha Cricket Association Stadium, Jamtha",Deccan Chargers,Chennai Super Kings,Chennai Super Kings,bat,Deccan Chargers
M Chinnaswamy Stadium,Royal Challengers Bangalore,Kolkata Knight Riders,Royal Challengers Bangalore,field,Royal Challengers Bangalore
Feroz Shah Kotla,Delhi Daredevils,Kings XI Punjab,Delhi Daredevils,bat,Kings XI Punjab
Sawai Mansingh Stadium,Rajasthan Royals,Mumbai Indians,Rajasthan Royals,field,Mumbai Indians
"Vidarbha Cricket Association Stadium, Jamtha",Deccan Chargers,Royal Challengers Bangalore,Royal Challengers Bangalore,field,Deccan Chargers
Brabourne Stadium,Mumbai Indians,Delhi Daredevils,Mumbai Indians,bat,Mumbai Indians
"MA Chidambaram Stadium, Chepauk",Chennai Super Kings,Kolkata Knight Riders,Kolkata Knight Riders,bat,Chennai Super Kings
Sawai Mansingh Stadium,Rajasthan Royals,Royal Challengers Bangalore,Rajasthan Royals,bat,Royal Challengers Bangalore
"MA Chidambaram Stadium, Chepauk",Chennai Super Kings,Delhi Daredevils,Chennai Super Kings,bat,Delhi Daredevils
Himachal Pradesh Cricket Association Stadium,Kings XI Punjab,Deccan Chargers,Deccan Chargers,field,Deccan Chargers
M Chinnaswamy Stadium,Royal Challengers Bangalore,Mumbai Indians,Royal Challengers Bangalore,field,Mumbai Indians
Eden Gardens,Kolkata Knight Riders,Rajasthan Royals,Rajasthan Royals,bat,Kolkata Knight Riders
Himachal Pradesh Cricket Association Stadium,Kings XI Punjab,Chennai Super Kings,Chennai Super Kings,field,Chennai Super Kings
Feroz Shah Kotla,Delhi Daredevils,Deccan Chargers,Deccan Chargers,bat,Deccan Chargers
Eden Gardens,Kolkata Knight Riders,Mumbai Indians,Mumbai Indians,bat,Kolkata Knight Riders
Dr DY Patil Sports Academy,Royal Challengers Bangalore,Mumbai Indians,Mumbai Indians,bat,Mumbai Indians
Dr DY Patil Sports Academy,Chennai Super Kings,Deccan Chargers,Chennai Super Kings,bat,Chennai Super Kings
Dr DY Patil Sports Academy,Royal Challengers Bangalore,Deccan Chargers,Deccan Chargers,bat,Royal Challengers Bangalore
Dr DY Patil Sports Academy,Chennai Super Kings,Mumbai Indians,Chennai Super Kings,bat,Chennai Super Kings
"MA Chidambaram Stadium, Chepauk",Chennai Super Kings,Kolkata Knight Riders,Chennai Super Kings,bat,Chennai Super Kings
"Rajiv Gandhi International Stadium, Uppal",Deccan Chargers,Rajasthan Royals,Rajasthan Royals,field,Rajasthan Royals
Nehru Stadium,Kochi Tuskers Kerala,Royal Challengers Bangalore,Kochi Tuskers Kerala,bat,Royal Challengers Bangalore
Feroz Shah Kotla,Delhi Daredevils,Mumbai Indians,Delhi Daredevils,bat,Mumbai Indians
Dr DY Patil Sports Academy,Pune Warriors,Kings XI Punjab,Kings XI Punjab,bat,Pune Warriors
Eden Gardens,Kolkata Knight Riders,Deccan Chargers,Kolkata Knight Riders,bat,Kolkata Knight Riders
Sawai Mansingh Stadium,Rajasthan Royals,Delhi Daredevils,Delhi Daredevils,bat,Rajasthan Royals
M Chinnaswamy Stadium,Royal Challengers Bangalore,Mumbai Indians,Mumbai Indians,field,Mumbai Indians
"Punjab Cricket Association Stadium, Mohali",Kings XI Punjab,Chennai Super Kings,Kings XI Punjab,field,Kings XI Punjab
Dr DY Patil Sports Academy,Pune Warriors,Kochi Tuskers Kerala,Kochi Tuskers Kerala,bat,Pune Warriors
"Rajiv Gandhi International Stadium, Uppal",Deccan Chargers,Royal Challengers Bangalore,Royal Challengers Bangalore,field,Deccan Chargers
Sawai Mansingh Stadium,Rajasthan Royals,Kolkata Knight Riders,Kolkata Knight Riders,field,Kolkata Knight Riders
Wankhede Stadium,Mumbai Indians,Kochi Tuskers Kerala,Kochi Tuskers Kerala,field,Kochi Tuskers Kerala
"MA Chidambaram Stadium, Chepauk",Chennai Super Kings,Royal Challengers Bangalore,Chennai Super Kings,bat,Chennai Super Kings
"Rajiv Gandhi International Stadium, Uppal",Deccan Chargers,Kings XI Punjab,Kings XI Punjab,field,Kings XI Punjab
Dr DY Patil Sports Academy,Pune Warriors,Delhi Daredevils,Delhi Daredevils,field,Delhi Daredevils
Eden Gardens,Kolkata Knight Riders,Rajasthan Royals,Kolkata Knight Riders,field,Kolkata Knight Riders
Nehru Stadium,Kochi Tuskers Kerala,Chennai Super Kings,Kochi Tuskers Kerala,field,Kochi Tuskers Kerala
Feroz Shah Kotla,Delhi Daredevils,Deccan Chargers,Deccan Chargers,bat,Deccan Chargers
Wankhede Stadium,Mumbai Indians,Pune Warriors,Pune Warriors,bat,Mumbai Indians
Eden Gardens,Kolkata Knight Riders,Kochi Tuskers Kerala,Kolkata Knight Riders,field,Kochi Tuskers Kerala
"Punjab Cricket Association Stadium, Mohali",Kings XI Punjab,Rajasthan Royals,Rajasthan Royals,field,Kings XI Punjab
Wankhede Stadium,Mumbai Indians,Chennai Super Kings,Chennai Super Kings,field,Mumbai Indians
Eden Gardens,Kolkata Knight Riders,Royal Challengers Bangalore,Royal Challengers Bangalore,field,Royal Challengers Bangalore
Feroz Shah Kotla,Delhi Daredevils,Kings XI Punjab,Kings XI Punjab,field,Delhi Daredevils
"Rajiv Gandhi International Stadium, Uppal",Deccan Chargers,Mumbai Indians,Deccan Chargers,field,Mumbai Indians
Sawai Mansingh Stadium,Rajasthan Royals,Kochi Tuskers Kerala,Rajasthan Royals,field,Rajasthan Royals
"MA Chidambaram Stadium, Chepauk",Chennai Super Kings,Pune Warriors,Pune Warriors,field,Chennai Super Kings
Feroz Shah Kotla,Delhi Daredevils,Royal Challengers Bangalore,Royal Challengers Bangalore,field,Royal Challengers Bangalore
Dr DY Patil Sports Academy,Pune Warriors,Chennai Super Kings,Pune Warriors,bat,Chennai Super Kings
Nehru Stadium,Kochi Tuskers Kerala,Deccan Chargers,Kochi Tuskers Kerala,field,Deccan Chargers
Feroz Shah Kotla,Delhi Daredevils,Kolkata Knight Riders,Delhi Daredevils,field,Kolkata Knight Riders
Sawai Mansingh Stadium,Rajasthan Royals,Mumbai Indians,Rajasthan Royals,field,Rajasthan Royals
M Chinnaswamy Stadium,Royal Challengers Bangalore,Pune Warriors,Pune Warriors,field,Royal Challengers Bangalore
Nehru Stadium,Kochi Tuskers Kerala,Delhi Daredevils,Delhi Daredevils,bat,Delhi Daredevils
Eden Gardens,Kolkata Knight Riders,Kings XI Punjab,Kolkata Knight Riders,field,Kolkata Knight Riders
Sawai Mansingh Stadium,Rajasthan Royals,Pune Warriors,Rajasthan Royals,field,Rajasthan Royals
"MA Chidambaram Stadium, Chepauk",Chennai Super Kings,Deccan Chargers,Chennai Super Kings,bat,Chennai Super Kings
Wankhede Stadium,Mumbai Indians,Kings XI Punjab,Kings XI Punjab,field,Mumbai Indians
Feroz Shah Kotla,Delhi Daredevils,Kochi Tuskers Kerala,Kochi Tuskers Kerala,field,Kochi Tuskers Kerala
"Rajiv Gandhi International Stadium, Uppal",Deccan Chargers,Kolkata Knight Riders,Deccan Chargers,field,Kolkata Knight Riders
"MA Chidambaram Stadium, Chepauk",Chennai Super Kings,Rajasthan Royals,Rajasthan Royals,bat,Chennai Super Kings
Dr DY Patil Sports Academy,Pune Warriors,Mumbai Indians,Pune Warriors,field,Mumbai Indians
Nehru Stadium,Kochi Tuskers Kerala,Kolkata Knight Riders,Kolkata Knight Riders,field,Kochi Tuskers Kerala
"Rajiv Gandhi International Stadium, Uppal",Deccan Chargers,Delhi Daredevils,Delhi Daredevils,field,Delhi Daredevils
M Chinnaswamy Stadium,Royal Challengers Bangalore,Kings XI Punjab,Kings XI Punjab,field,Royal Challengers Bangalore
Eden Gardens,Kolkata Knight Riders,Chennai Super Kings,Chennai Super Kings,bat,Kolkata Knight Riders
Wankhede Stadium,Mumbai Indians,Delhi Daredevils,Delhi Daredevils,field,Mumbai Indians
M Chinnaswamy Stadium,Royal Challengers Bangalore,Kochi Tuskers Kerala,Kochi Tuskers Kerala,bat,Royal Challengers Bangalore
"Punjab Cricket Association Stadium, Mohali",Kings XI Punjab,Pune Warriors,Kings XI Punjab,bat,Pune Warriors
Sawai Mansingh Stadium,Rajasthan Royals,Chennai Super Kings,Rajasthan Royals,field,Chennai Super Kings
"Rajiv Gandhi International Stadium, Uppal",Deccan Chargers,Pune Warriors,Deccan Chargers,bat,Pune Warriors
"Punjab Cricket Association Stadium, Mohali",Kings XI Punjab,Mumbai Indians,Mumbai Indians,field,Kings XI Punjab
Sawai Mansingh Stadium,Rajasthan Royals,Royal Challengers Bangalore,Royal Challengers Bangalore,field,Royal Challengers Bangalore
"MA Chidambaram Stadium, Chepauk",Chennai Super Kings,Delhi Daredevils,Chennai Super Kings,bat,Chennai Super Kings
Holkar Cricket Stadium,Kochi Tuskers Kerala,Kings XI Punjab,Kings XI Punjab,field,Kings XI Punjab
M Chinnaswamy Stadium,Royal Challengers Bangalore,Kolkata Knight Riders,Royal Challengers Bangalore,field,Royal Challengers Bangalore
Wankhede Stadium,Mumbai Indians,Deccan Chargers,Deccan Chargers,bat,Deccan Chargers
Himachal Pradesh Cricket Association Stadium,Kings XI Punjab,Delhi Daredevils,Delhi Daredevils,field,Kings XI Punjab
Holkar Cricket Stadium,Kochi Tuskers Kerala,Rajasthan Royals,Kochi Tuskers Kerala,field,Kochi Tuskers Kerala
Dr DY Patil Sports Academy,Pune Warriors,Deccan Chargers,Deccan Chargers,field,Deccan Chargers
Himachal Pradesh Cricket Association Stadium,Kings XI Punjab,Royal Challengers Bangalore,Kings XI Punjab,bat,Kings XI Punjab
"MA Chidambaram Stadium, Chepauk",Chennai Super Kings,Kochi Tuskers Kerala,Chennai Super Kings,bat,Chennai Super Kings
Dr DY Patil Sports Academy,Pune Warriors,Kolkata Knight Riders,Kolkata Knight Riders,field,Kolkata Knight Riders
Wankhede Stadium,Mumbai Indians,Rajasthan Royals,Mumbai Indians,bat,Rajasthan Royals
Himachal Pradesh Cricket Association Stadium,Kings XI Punjab,Deccan Chargers,Kings XI Punjab,field,Deccan Chargers
Feroz Shah Kotla,Delhi Daredevils,Pune Warriors,Delhi Daredevils,bat,NA
M Chinnaswamy Stadium,Royal Challengers Bangalore,Chennai Super Kings,Royal Challengers Bangalore,field,Royal Challengers Bangalore
Eden Gardens,Kolkata Knight Riders,Mumbai Indians,Mumbai Indians,field,Mumbai Indians
Wankhede Stadium,Royal Challengers Bangalore,Chennai Super Kings,Chennai Super Kings,field,Chennai Super Kings
Wankhede Stadium,Mumbai Indians,Kolkata Knight Riders,Mumbai Indians,field,Mumbai Indians
"MA Chidambaram Stadium, Chepauk",Royal Challengers Bangalore,Mumbai Indians,Mumbai Indians,field,Royal Challengers Bangalore
"MA Chidambaram Stadium, Chepauk",Chennai Super Kings,Royal Challengers Bangalore,Chennai Super Kings,bat,Chennai Super Kings
"MA Chidambaram Stadium, Chepauk",Chennai Super Kings,Mumbai Indians,Mumbai Indians,field,Mumbai Indians
Eden Gardens,Kolkata Knight Riders,Delhi Daredevils,Delhi Daredevils,field,Delhi Daredevils
Wankhede Stadium,Mumbai Indians,Pune Warriors,Mumbai Indians,field,Pune Warriors
Sawai Mansingh Stadium,Rajasthan Royals,Kings XI Punjab,Kings XI Punjab,field,Rajasthan Royals
M Chinnaswamy Stadium,Royal Challengers Bangalore,Delhi Daredevils,Delhi Daredevils,field,Royal Challengers Bangalore
Dr. Y.S. Rajasekhara Reddy ACA-VDCA Cricket Stadium,Deccan Chargers,Chennai Super Kings,Deccan Chargers,field,Chennai Super Kings
Sawai Mansingh Stadium,Rajasthan Royals,Kolkata Knight Riders,Kolkata Knight Riders,field,Rajasthan Royals
Subrata Roy Sahara Stadium,Pune Warriors,Kings XI Punjab,Pune Warriors,bat,Pune Warriors
Dr. Y.S. Rajasekhara Reddy ACA-VDCA Cricket Stadium,Deccan Chargers,Mumbai Indians,Deccan Chargers,bat,Mumbai Indians
M Chinnaswamy Stadium,Royal Challengers Bangalore,Kolkata Knight Riders,Royal Challengers Bangalore,field,Kolkata Knight Riders
Feroz Shah Kotla,Delhi Daredevils,Chennai Super Kings,Delhi Daredevils,field,Delhi Daredevils
Wankhede Stadium,Mumbai Indians,Rajasthan Royals,Rajasthan Royals,field,Mumbai Indians
"MA Chidambaram Stadium, Chepauk",Chennai Super Kings,Royal Challengers Bangalore,Royal Challengers Bangalore,bat,Chennai Super Kings
"Punjab Cricket Association Stadium, Mohali",Kings XI Punjab,Pune Warriors,Kings XI Punjab,field,Kings XI Punjab
Eden Gardens,Kolkata Knight Riders,Rajasthan Royals,Rajasthan Royals,bat,Kolkata Knight Riders
Feroz Shah Kotla,Delhi Daredevils,Deccan Chargers,Deccan Chargers,bat,Delhi Daredevils
Subrata Roy Sahara Stadium,Pune Warriors,Chennai Super Kings,Chennai Super Kings,bat,Pune Warriors
Eden Gardens,Kolkata Knight Riders,Kings XI Punjab,Kolkata Knight Riders,field,Kings XI Punjab
M Chinnaswamy Stadium,Royal Challengers Bangalore,Rajasthan Royals,Rajasthan Royals,bat,Rajasthan Royals
Wankhede Stadium,Mumbai Indians,Delhi Daredevils,Delhi Daredevils,field,Delhi Daredevils
Sawai Mansingh Stadium,Rajasthan Royals,Deccan Chargers,Deccan Chargers,bat,Rajasthan Royals
M Chinnaswamy Stadium,Royal Challengers Bangalore,Pune Warriors,Pune Warriors,bat,Royal Challengers Bangalore
"Punjab Cricket Association Stadium, Mohali",Kings XI Punjab,Kolkata Knight Riders,Kings XI Punjab,bat,Kolkata Knight Riders
"Rajiv Gandhi International Stadium, Uppal",Deccan Chargers,Delhi Daredevils,Deccan Chargers,bat,Delhi Daredevils
"MA Chidambaram Stadium, Chepauk",Chennai Super Kings,Pune Warriors,Pune Warriors,field,Chennai Super Kings
"Punjab Cricket Association Stadium, Mohali",Kings XI Punjab,Royal Challengers Bangalore,Royal Challengers Bangalore,field,Royal Challengers Bangalore
"MA Chidambaram Stadium, Chepauk",Chennai Super Kings,Rajasthan Royals,Rajasthan Royals,bat,Chennai Super Kings
Feroz Shah Kotla,Delhi Daredevils,Pune Warriors,Delhi Daredevils,field,Pune Warriors
Wankhede Stadium,Mumbai Indians,Kings XI Punjab,Mumbai Indians,bat,Kings XI Punjab
Barabati Stadium,Deccan Chargers,Kolkata Knight Riders,Kolkata Knight Riders,field,Kolkata Knight Riders
Sawai Mansingh Stadium,Rajasthan Royals,Royal Challengers Bangalore,Rajasthan Royals,field,Royal Challengers Bangalore
Subrata Roy Sahara Stadium,Pune Warriors,Delhi Daredevils,Pune Warriors,bat,Delhi Daredevils
"Punjab Cricket Association Stadium, Mohali",Kings XI Punjab,Mumbai Indians,Kings XI Punjab,bat,Mumbai Indians
Subrata Roy Sahara Stadium,Pune Warriors,Deccan Chargers,Deccan Chargers,bat,Deccan Chargers
Feroz Shah Kotla,Delhi Daredevils,Mumbai Indians,Mumbai Indians,field,Delhi Daredevils
"MA Chidambaram Stadium, Chepauk",Chennai Super Kings,Kings XI Punjab,Kings XI Punjab,bat,Kings XI Punjab
Eden Gardens,Kolkata Knight Riders,Royal Challengers Bangalore,Kolkata Knight Riders,bat,Kolkata Knight Riders
Feroz Shah Kotla,Delhi Daredevils,Rajasthan Royals,Delhi Daredevils,bat,Delhi Daredevils
Wankhede Stadium,Mumbai Indians,Deccan Chargers,Mumbai Indians,field,Mumbai Indians
"MA Chidambaram Stadium, Chepauk",Chennai Super Kings,Kolkata Knight Riders,Chennai Super Kings,bat,Kolkata Knight Riders
Barabati Stadium,Deccan Chargers,Pune Warriors,Deccan Chargers,bat,Deccan Chargers
Sawai Mansingh Stadium,Rajasthan Royals,Delhi Daredevils,Rajasthan Royals,bat,Delhi Daredevils
M Chinnaswamy Stadium,Royal Challengers Bangalore,Kings XI Punjab,Kings XI Punjab,field,Kings XI Punjab
Subrata Roy Sahara Stadium,Pune Warriors,Mumbai Indians,Mumbai Indians,bat,Mumbai Indians
"MA Chidambaram Stadium, Chepauk",Chennai Super Kings,Deccan Chargers,Chennai Super Kings,bat,Chennai Super Kings
Eden Gardens,Kolkata Knight Riders,Pune Warriors,Kolkata Knight Riders,bat,Kolkata Knight Riders
"Punjab Cricket Association Stadium, Mohali",Kings XI Punjab,Rajasthan Royals,Rajasthan Royals,bat,Rajasthan Royals
Wankhede Stadium,Mumbai Indians,Chennai Super Kings,Mumbai Indians,field,Mumbai Indians
M Chinnaswamy Stadium,Royal Challengers Bangalore,Deccan Chargers,Royal Challengers Bangalore,field,Royal Challengers Bangalore
Feroz Shah Kotla,Delhi Daredevils,Kolkata Knight Riders,Delhi Daredevils,bat,Kolkata Knight Riders
Subrata Roy Sahara Stadium,Pune Warriors,Rajasthan Royals,Pune Warriors,bat,Rajasthan Royals
"Rajiv Gandhi International Stadium, Uppal",Deccan Chargers,Kings XI Punjab,Deccan Chargers,field,Kings XI Punjab
Wankhede Stadium,Mumbai Indians,Royal Challengers Bangalore,Royal Challengers Bangalore,field,Royal Challengers Bangalore
Sawai Mansingh Stadium,Rajasthan Royals,Chennai Super Kings,Chennai Super Kings,field,Chennai Super Kings
Subrata Roy Sahara Stadium,Pune Warriors,Royal Challengers Bangalore,Pune Warriors,field,Royal Challengers Bangalore
Eden Gardens,Kolkata Knight Riders,Mumbai Indians,Mumbai Indians,bat,Mumbai Indians
"MA Chidambaram Stadium, Chepauk",Chennai Super Kings,Delhi Daredevils,Chennai Super Kings,field,Chennai Super Kings
Sawai Mansingh Stadium,Rajasthan Royals,Pune Warriors,Rajasthan Royals,bat,Rajasthan Royals
"Punjab Cricket Association Stadium, Mohali",Kings XI Punjab,Deccan Chargers,Deccan Chargers,bat,Kings XI Punjab
M Chinnaswamy Stadium,Royal Challengers Bangalore,Mumbai Indians,Mumbai Indians,field,Mumbai Indians
Eden Gardens,Kolkata Knight Riders,Chennai Super Kings,Chennai Super Kings,field,Chennai Super Kings
Feroz Shah Kotla,Delhi Daredevils,Kings XI Punjab,Kings XI Punjab,bat,Delhi Daredevils
Wankhede Stadium,Mumbai Indians,Kolkata Knight Riders,Mumbai Indians,field,Kolkata Knight Riders
Himachal Pradesh Cricket Association Stadium,Kings XI Punjab,Chennai Super Kings,Kings XI Punjab,field,Kings XI Punjab
Feroz Shah Kotla,Delhi Daredevils,Royal Challengers Bangalore,Delhi Daredevils,field,Royal Challengers Bangalore
"Rajiv Gandhi International Stadium, Uppal",Deccan Chargers,Rajasthan Royals,Rajasthan Royals,bat,Deccan Chargers
Himachal Pradesh Cricket Association Stadium,Kings XI Punjab,Delhi Daredevils,Delhi Daredevils,field,Delhi Daredevils
Subrata Roy Sahara Stadium,Pune Warriors,Kolkata Knight Riders,Kolkata Knight Riders,bat,Kolkata Knight Riders
"Rajiv Gandhi International Stadium, Uppal",Deccan Chargers,Royal Challengers Bangalore,Royal Challengers Bangalore,field,Deccan Chargers
Sawai Mansingh Stadium,Rajasthan Royals,Mumbai Indians,Rajasthan Royals,bat,Mumbai Indians
Subrata Roy Sahara Stadium,Delhi Daredevils,Kolkata Knight Riders,Kolkata Knight Riders,bat,Kolkata Knight Riders
M Chinnaswamy Stadium,Chennai Super Kings,Mumbai Indians,Mumbai Indians,field,Chennai Super Kings
"MA Chidambaram Stadium, Chepauk",Delhi Daredevils,Chennai Super Kings,Delhi Daredevils,field,Chennai Super Kings
"MA Chidambaram Stadium, Chepauk",Kolkata Knight Riders,Chennai Super Kings,Chennai Super Kings,bat,Kolkata Knight Riders
Eden Gardens,Kolkata Knight Riders,Delhi Daredevils,Kolkata Knight Riders,field,Kolkata Knight Riders
M Chinnaswamy Stadium,Royal Challengers Bangalore,Mumbai Indians,Mumbai Indians,field,Royal Challengers Bangalore
"Rajiv Gandhi International Stadium, Uppal",Sunrisers Hyderabad,Pune Warriors,Pune Warriors,field,Sunrisers Hyderabad
Feroz Shah Kotla,Delhi Daredevils,Rajasthan Royals,Rajasthan Royals,bat,Rajasthan Royals
"MA Chidambaram Stadium, Chepauk",Chennai Super Kings,Mumbai Indians,Mumbai Indians,bat,Mumbai Indians
Subrata Roy Sahara Stadium,Pune Warriors,Kings XI Punjab,Pune Warriors,bat,Kings XI Punjab
"Rajiv Gandhi International Stadium, Uppal",Sunrisers Hyderabad,Royal Challengers Bangalore,Royal Challengers Bangalore,bat,Sunrisers Hyderabad
Sawai Mansingh Stadium,Rajasthan Royals,Kolkata Knight Riders,Kolkata Knight Riders,field,Rajasthan Royals
Wankhede Stadium,Mumbai Indians,Delhi Daredevils,Mumbai Indians,bat,Mumbai Indians
"Punjab Cricket Association Stadium, Mohali",Kings XI Punjab,Chennai Super Kings,Chennai Super Kings,field,Chennai Super Kings
M Chinnaswamy Stadium,Royal Challengers Bangalore,Kolkata Knight Riders,Royal Challengers Bangalore,field,Royal Challengers Bangalore
Subrata Roy Sahara Stadium,Pune Warriors,Rajasthan Royals,Rajasthan Royals,bat,Pune Warriors
Feroz Shah Kotla,Delhi Daredevils,Sunrisers Hyderabad,Delhi Daredevils,bat,Sunrisers Hyderabad
Wankhede Stadium,Mumbai Indians,Pune Warriors,Mumbai Indians,bat,Mumbai Indians
"MA Chidambaram Stadium, Chepauk",Chennai Super Kings,Royal Challengers Bangalore,Chennai Super Kings,field,Chennai Super Kings
Eden Gardens,Kolkata Knight Riders,Sunrisers Hyderabad,Kolkata Knight Riders,bat,Kolkata Knight Riders
Sawai Mansingh Stadium,Rajasthan Royals,Kings XI Punjab,Rajasthan Royals,field,Rajasthan Royals
"MA Chidambaram Stadium, Chepauk",Chennai Super Kings,Pune Warriors,Pune Warriors,bat,Pune Warriors
"Punjab Cricket Association Stadium, Mohali",Kings XI Punjab,Kolkata Knight Riders,Kolkata Knight Riders,field,Kings XI Punjab
M Chinnaswamy Stadium,Royal Challengers Bangalore,Delhi Daredevils,Royal Challengers Bangalore,field,Royal Challengers Bangalore
Subrata Roy Sahara Stadium,Pune Warriors,Sunrisers Hyderabad,Pune Warriors,field,Sunrisers Hyderabad
Sawai Mansingh Stadium,Rajasthan Royals,Mumbai Indians,Rajasthan Royals,bat,Rajasthan Royals
Feroz Shah Kotla,Delhi Daredevils,Chennai Super Kings,Chennai Super Kings,bat,Chennai Super Kings
"Rajiv Gandhi International Stadium, Uppal",Sunrisers Hyderabad,Kings XI Punjab,Kings XI Punjab,bat,Sunrisers Hyderabad
Eden Gardens,Kolkata Knight Riders,Chennai Super Kings,Kolkata Knight Riders,bat,Chennai Super Kings
M Chinnaswamy Stadium,Royal Challengers Bangalore,Rajasthan Royals,Royal Challengers Bangalore,field,Royal Challengers Bangalore
Feroz Shah Kotla,Delhi Daredevils,Mumbai Indians,Mumbai Indians,bat,Delhi Daredevils
"Punjab Cricket Association Stadium, Mohali",Kings XI Punjab,Pune Warriors,Kings XI Punjab,field,Kings XI Punjab
"MA Chidambaram Stadium, Chepauk",Chennai Super Kings,Rajasthan Royals,Rajasthan Royals,bat,Chennai Super Kings
M Chinnaswamy Stadium,Royal Challengers Bangalore,Pune Warriors,Pune Warriors,field,Royal Challengers Bangalore
Himachal Pradesh Cricket Association Stadium,Kings XI Punjab,Delhi Daredevils,Delhi Daredevils,field,Kings XI Punjab
Eden Gardens,Kolkata Knight Riders,Mumbai Indians,Kolkata Knight Riders,bat,Mumbai Indians
"MA Chidambaram Stadium, Chepauk",Chennai Super Kings,Sunrisers Hyderabad,Sunrisers Hyderabad,bat,Chennai Super Kings
Eden Gardens,Kolkata Knight Riders,Kings XI Punjab,Kings XI Punjab,bat,Kolkata Knight Riders
Sawai Mansingh Stadium,Rajasthan Royals,Sunrisers Hyderabad,Sunrisers Hyderabad,bat,Rajasthan Royals
Wankhede Stadium,Mumbai Indians,Royal Challengers Bangalore,Mumbai Indians,bat,Mumbai Indians
"MA Chidambaram Stadium, Chepauk",Chennai Super Kings,Kolkata Knight Riders,Kolkata Knight Riders,field,Chennai Super Kings
Shaheed Veer Narayan Singh International Stadium,Delhi Daredevils,Pune Warriors,Pune Warriors,field,Delhi Daredevils
Sawai Mansingh Stadium,Rajasthan Royals,Royal Challengers Bangalore,Rajasthan Royals,field,Rajasthan Royals
Wankhede Stadium,Mumbai Indians,Kings XI Punjab,Mumbai Indians,bat,Mumbai Indians
Subrata Roy Sahara Stadium,Pune Warriors,Chennai Super Kings,Chennai Super Kings,bat,Chennai Super Kings
"Rajiv Gandhi International Stadium, Uppal",Sunrisers Hyderabad,Mumbai Indians,Mumbai Indians,bat,Sunrisers Hyderabad
Shaheed Veer Narayan Singh International Stadium,Delhi Daredevils,Kolkata Knight Riders,Kolkata Knight Riders,bat,Delhi Daredevils
"MA Chidambaram Stadium, Chepauk",Chennai Super Kings,Kings XI Punjab,Chennai Super Kings,bat,Chennai Super Kings
Subrata Roy Sahara Stadium,Pune Warriors,Royal Challengers Bangalore,Royal Challengers Bangalore,bat,Royal Challengers Bangalore
Eden Gardens,Kolkata Knight Riders,Rajasthan Royals,Rajasthan Royals,bat,Kolkata Knight Riders
"Rajiv Gandhi International Stadium, Uppal",Sunrisers Hyderabad,Delhi Daredevils,Delhi Daredevils,bat,Sunrisers Hyderabad
M Chinnaswamy Stadium,Royal Challengers Bangalore,Kings XI Punjab,Kings XI Punjab,field,Kings XI Punjab
Wankhede Stadium,Mumbai Indians,Chennai Super Kings,Mumbai Indians,bat,Mumbai Indians
Sawai Mansingh Stadium,Rajasthan Royals,Pune Warriors,Pune Warriors,bat,Rajasthan Royals
M Chinnaswamy Stadium,Royal Challengers Bangalore,Sunrisers Hyderabad,Sunrisers Hyderabad,bat,Royal Challengers Bangalore
Sawai Mansingh Stadium,Rajasthan Royals,Delhi Daredevils,Delhi Daredevils,bat,Rajasthan Royals
Wankhede Stadium,Mumbai Indians,Kolkata Knight Riders,Mumbai Indians,bat,Mumbai Indians
"Rajiv Gandhi International Stadium, Uppal",Sunrisers Hyderabad,Chennai Super Kings,Sunrisers Hyderabad,field,Chennai Super Kings
"Punjab Cricket Association Stadium, Mohali",Kings XI Punjab,Rajasthan Royals,Rajasthan Royals,field,Rajasthan Royals
Subrata Roy Sahara Stadium,Pune Warriors,Kolkata Knight Riders,Kolkata Knight Riders,bat,Kolkata Knight Riders
Feroz Shah Kotla,Delhi Daredevils,Royal Challengers Bangalore,Delhi Daredevils,field,Royal Challengers Bangalore
Subrata Roy Sahara Stadium,Pune Warriors,Mumbai Indians,Pune Warriors,bat,Mumbai Indians
"Punjab Cricket Association Stadium, Mohali",Kings XI Punjab,Sunrisers Hyderabad,Kings XI Punjab,field,Sunrisers Hyderabad
JSCA International Stadium Complex,Kolkata Knight Riders,Royal Challengers Bangalore,Kolkata Knight Riders,field,Kolkata Knight Riders
Sawai Mansingh Stadium,Rajasthan Royals,Chennai Super Kings,Rajasthan Royals,field,Rajasthan Royals
Feroz Shah Kotla,Delhi Daredevils,Kings XI Punjab,Kings XI Punjab,field,Kings XI Punjab
Wankhede Stadium,Mumbai Indians,Sunrisers Hyderabad,Sunrisers Hyderabad,bat,Mumbai Indians
JSCA International Stadium Complex,Kolkata Knight Riders,Pune Warriors,Kolkata Knight Riders,field,Pune Warriors
"MA Chidambaram Stadium, Chepauk",Chennai Super Kings,Delhi Daredevils,Chennai Super Kings,bat,Chennai Super Kings
Wankhede Stadium,Mumbai Indians,Rajasthan Royals,Rajasthan Royals,field,Mumbai Indians
"Punjab Cricket Association Stadium, Mohali",Kings XI Punjab,Royal Challengers Bangalore,Kings XI Punjab,field,Kings XI Punjab
"Rajiv Gandhi International Stadium, Uppal",Sunrisers Hyderabad,Rajasthan Royals,Sunrisers Hyderabad,bat,Sunrisers Hyderabad
Himachal Pradesh Cricket Association Stadium,Kings XI Punjab,Mumbai Indians,Mumbai Indians,field,Kings XI Punjab
Subrata Roy Sahara Stadium,Pune Warriors,Delhi Daredevils,Pune Warriors,bat,Pune Warriors
M Chinnaswamy Stadium,Royal Challengers Bangalore,Chennai Super Kings,Chennai Super Kings,field,Royal Challengers Bangalore
"Rajiv Gandhi International Stadium, Uppal",Sunrisers Hyderabad,Kolkata Knight Riders,Kolkata Knight Riders,bat,Sunrisers Hyderabad
Feroz Shah Kotla,Chennai Super Kings,Mumbai Indians,Chennai Super Kings,bat,Chennai Super Kings
Feroz Shah Kotla,Rajasthan Royals,Sunrisers Hyderabad,Sunrisers Hyderabad,bat,Rajasthan Royals
Eden Gardens,Mumbai Indians,Rajasthan Royals,Rajasthan Royals,bat,Mumbai Indians
Eden Gardens,Chennai Super Kings,Mumbai Indians,Mumbai Indians,bat,Mumbai Indians
Sheikh Zayed Stadium,Mumbai Indians,Kolkata Knight Riders,Kolkata Knight Riders,bat,Kolkata Knight Riders
Sharjah Cricket Stadium,Delhi Daredevils,Royal Challengers Bangalore,Royal Challengers Bangalore,field,Royal Challengers Bangalore
Sheikh Zayed Stadium,Chennai Super Kings,Kings XI Punjab,Chennai Super Kings,bat,Kings XI Punjab
Sheikh Zayed Stadium,Sunrisers Hyderabad,Rajasthan Royals,Rajasthan Royals,field,Rajasthan Royals
Dubai International Cricket Stadium,Royal Challengers Bangalore,Mumbai Indians,Royal Challengers Bangalore,field,Royal Challengers Bangalore
Dubai International Cricket Stadium,Kolkata Knight Riders,Delhi Daredevils,Kolkata Knight Riders,bat,Delhi Daredevils
Sharjah Cricket Stadium,Rajasthan Royals,Kings XI Punjab,Kings XI Punjab,field,Kings XI Punjab
Sheikh Zayed Stadium,Chennai Super Kings,Delhi Daredevils,Chennai Super Kings,bat,Chennai Super Kings
Sharjah Cricket Stadium,Kings XI Punjab,Sunrisers Hyderabad,Sunrisers Hyderabad,field,Kings XI Punjab
Dubai International Cricket Stadium,Rajasthan Royals,Chennai Super Kings,Rajasthan Royals,field,Chennai Super Kings
Sharjah Cricket Stadium,Royal Challengers Bangalore,Kolkata Knight Riders,Royal Challengers Bangalore,field,Kolkata Knight Riders
Dubai International Cricket Stadium,Sunrisers Hyderabad,Delhi Daredevils,Sunrisers Hyderabad,bat,Sunrisers Hyderabad
Dubai International Cricket Stadium,Chennai Super Kings,Mumbai Indians,Mumbai Indians,bat,Chennai Super Kings
Sheikh Zayed Stadium,Rajasthan Royals,Royal Challengers Bangalore,Rajasthan Royals,field,Rajasthan Royals
Sheikh Zayed Stadium,Kolkata Knight Riders,Kings XI Punjab,Kolkata Knight Riders,field,Kings XI Punjab
Sharjah Cricket Stadium,Delhi Daredevils,Mumbai Indians,Mumbai Indians,bat,Delhi Daredevils
Sharjah Cricket Stadium,Sunrisers Hyderabad,Chennai Super Kings,Sunrisers Hyderabad,bat,Chennai Super Kings
Dubai International Cricket Stadium,Kings XI Punjab,Royal Challengers Bangalore,Kings XI Punjab,field,Kings XI Punjab
Sheikh Zayed Stadium,Kolkata Knight Riders,Rajasthan Royals,Rajasthan Royals,bat,Rajasthan Royals
Dubai International Cricket Stadium,Mumbai Indians,Sunrisers Hyderabad,Mumbai Indians,field,Sunrisers Hyderabad
JSCA International Stadium Complex,Chennai Super Kings,Kolkata Knight Riders,Chennai Super Kings,bat,Chennai Super Kings
Wankhede Stadium,Mumbai Indians,Kings XI Punjab,Kings XI Punjab,bat,Mumbai Indians
Feroz Shah Kotla,Delhi Daredevils,Rajasthan Royals,Rajasthan Royals,field,Rajasthan Royals
M Chinnaswamy Stadium,Royal Challengers Bangalore,Sunrisers Hyderabad,Royal Challengers Bangalore,field,Royal Challengers Bangalore
"Sardar Patel Stadium, Motera",Rajasthan Royals,Kolkata Knight Riders,Kolkata Knight Riders,field,Rajasthan Royals
Feroz Shah Kotla,Delhi Daredevils,Chennai Super Kings,Chennai Super Kings,field,Chennai Super Kings
Wankhede Stadium,Mumbai Indians,Royal Challengers Bangalore,Royal Challengers Bangalore,field,Mumbai Indians
Feroz Shah Kotla,Delhi Daredevils,Kolkata Knight Riders,Delhi Daredevils,bat,Kolkata Knight Riders
Barabati Stadium,Kings XI Punjab,Chennai Super Kings,Chennai Super Kings,field,Kings XI Punjab
"Sardar Patel Stadium, Motera",Rajasthan Royals,Sunrisers Hyderabad,Rajasthan Royals,field,Sunrisers Hyderabad
M Chinnaswamy Stadium,Royal Challengers Bangalore,Kings XI Punjab,Royal Challengers Bangalore,field,Kings XI Punjab
Feroz Shah Kotla,Delhi Daredevils,Sunrisers Hyderabad,Sunrisers Hyderabad,field,Sunrisers Hyderabad
Wankhede Stadium,Mumbai Indians,Chennai Super Kings,Chennai Super Kings,field,Chennai Super Kings
Barabati Stadium,Kings XI Punjab,Kolkata Knight Riders,Kolkata Knight Riders,field,Kolkata Knight Riders
M Chinnaswamy Stadium,Royal Challengers Bangalore,Rajasthan Royals,Royal Challengers Bangalore,bat,Rajasthan Royals
"Rajiv Gandhi International Stadium, Uppal",Sunrisers Hyderabad,Mumbai Indians,Sunrisers Hyderabad,bat,Mumbai Indians
JSCA International Stadium Complex,Chennai Super Kings,Rajasthan Royals,Rajasthan Royals,bat,Chennai Super Kings
M Chinnaswamy Stadium,Royal Challengers Bangalore,Delhi Daredevils,Delhi Daredevils,field,Royal Challengers Bangalore
"Rajiv Gandhi International Stadium, Uppal",Sunrisers Hyderabad,Kings XI Punjab,Kings XI Punjab,field,Kings XI Punjab
Barabati Stadium,Kolkata Knight Riders,Mumbai Indians,Kolkata Knight Riders,field,Kolkata Knight Riders
"Sardar Patel Stadium, Motera",Rajasthan Royals,Delhi Daredevils,Delhi Daredevils,field,Rajasthan Royals
JSCA International Stadium Complex,Chennai Super Kings,Royal Challengers Bangalore,Chennai Super Kings,bat,Royal Challengers Bangalore
"Rajiv Gandhi International Stadium, Uppal",Sunrisers Hyderabad,Kolkata Knight Riders,Sunrisers Hyderabad,bat,Kolkata Knight Riders
"Sardar Patel Stadium, Motera",Rajasthan Royals,Mumbai Indians,Mumbai Indians,bat,Mumbai Indians
Feroz Shah Kotla,Delhi Daredevils,Kings XI Punjab,Kings XI Punjab,field,Kings XI Punjab
"Rajiv Gandhi International Stadium, Uppal",Sunrisers Hyderabad,Royal Challengers Bangalore,Royal Challengers Bangalore,bat,Sunrisers Hyderabad
Eden Gardens,Kolkata Knight Riders,Chennai Super Kings,Kolkata Knight Riders,field,Kolkata Knight Riders
"Punjab Cricket Association Stadium, Mohali",Kings XI Punjab,Mumbai Indians,Mumbai Indians,field,Mumbai Indians
Eden Gardens,Kolkata Knight Riders,Royal Challengers Bangalore,Royal Challengers Bangalore,field,Kolkata Knight Riders
JSCA International Stadium Complex,Chennai Super Kings,Sunrisers Hyderabad,Sunrisers Hyderabad,field,Sunrisers Hyderabad
Wankhede Stadium,Mumbai Indians,Delhi Daredevils,Delhi Daredevils,field,Mumbai Indians
"Punjab Cricket Association Stadium, Mohali",Kings XI Punjab,Rajasthan Royals,Rajasthan Royals,field,Kings XI Punjab
M Chinnaswamy Stadium,Royal Challengers Bangalore,Chennai Super Kings,Chennai Super Kings,field,Chennai Super Kings
Eden Gardens,Kolkata Knight Riders,Sunrisers Hyderabad,Kolkata Knight Riders,field,Kolkata Knight Riders
"Punjab Cricket Association Stadium, Mohali",Kings XI Punjab,Delhi Daredevils,Kings XI Punjab,field,Kings XI Punjab
Wankhede Stadium,Mumbai Indians,Rajasthan Royals,Mumbai Indians,field,Mumbai Indians
Eden Gardens,Kings XI Punjab,Kolkata Knight Riders,Kings XI Punjab,field,Kolkata Knight Riders
Brabourne Stadium,Chennai Super Kings,Mumbai Indians,Chennai Super Kings,field,Chennai Super Kings
Wankhede Stadium,Chennai Super Kings,Kings XI Punjab,Chennai Super Kings,field,Kings XI Punjab
M Chinnaswamy Stadium,Kolkata Knight Riders,Kings XI Punjab,Kolkata Knight Riders,field,Kolkata Knight Riders
Eden Gardens,Kolkata Knight Riders,Mumbai Indians,Kolkata Knight Riders,field,Kolkata Knight Riders
"MA Chidambaram Stadium, Chepauk",Chennai Super Kings,Delhi Daredevils,Delhi Daredevils,field,Chennai Super Kings
Maharashtra Cricket Association Stadium,Kings XI Punjab,Rajasthan Royals,Kings XI Punjab,field,Rajasthan Royals
"MA Chidambaram Stadium, Chepauk",Chennai Super Kings,Sunrisers Hyderabad,Chennai Super Kings,bat,Chennai Super Kings
Eden Gardens,Kolkata Knight Riders,Royal Challengers Bangalore,Royal Challengers Bangalore,field,Royal Challengers Bangalore
Feroz Shah Kotla,Delhi Daredevils,Rajasthan Royals,Rajasthan Royals,field,Rajasthan Royals
Wankhede Stadium,Mumbai Indians,Kings XI Punjab,Mumbai Indians,field,Kings XI Punjab
M Chinnaswamy Stadium,Royal Challengers Bangalore,Sunrisers Hyderabad,Sunrisers Hyderabad,field,Sunrisers Hyderabad
"Sardar Patel Stadium, Motera",Rajasthan Royals,Mumbai Indians,Mumbai Indians,bat,Rajasthan Royals
Eden Gardens,Kolkata Knight Riders,Chennai Super Kings,Kolkata Knight Riders,field,Kolkata Knight Riders
Maharashtra Cricket Association Stadium,Kings XI Punjab,Delhi Daredevils,Kings XI Punjab,bat,Delhi Daredevils
Dr. Y.S. Rajasekhara Reddy ACA-VDCA Cricket Stadium,Sunrisers Hyderabad,Rajasthan Royals,Rajasthan Royals,field,Rajasthan Royals
Wankhede Stadium,Mumbai Indians,Chennai Super Kings,Mumbai Indians,bat,Chennai Super Kings
Dr. Y.S. Rajasekhara Reddy ACA-VDCA Cricket Stadium,Sunrisers Hyderabad,Delhi Daredevils,Delhi Daredevils,bat,Delhi Daredevils
Maharashtra Cricket Association Stadium,Kings XI Punjab,Kolkata Knight Riders,Kolkata Knight Riders,field,Kolkata Knight Riders
"Sardar Patel Stadium, Motera",Rajasthan Royals,Chennai Super Kings,Chennai Super Kings,bat,Rajasthan Royals
M Chinnaswamy Stadium,Royal Challengers Bangalore,Mumbai Indians,Royal Challengers Bangalore,field,Mumbai Indians
Feroz Shah Kotla,Delhi Daredevils,Kolkata Knight Riders,Kolkata Knight Riders,field,Kolkata Knight Riders
"Sardar Patel Stadium, Motera",Rajasthan Royals,Kings XI Punjab,Kings XI Punjab,field,Kings XI Punjab
Dr. Y.S. Rajasekhara Reddy ACA-VDCA Cricket Stadium,Sunrisers Hyderabad,Kolkata Knight Riders,Kolkata Knight Riders,field,Sunrisers Hyderabad
M Chinnaswamy Stadium,Royal Challengers Bangalore,Chennai Super Kings,Royal Challengers Bangalore,field,Chennai Super Kings
Feroz Shah Kotla,Delhi Daredevils,Mumbai Indians,Mumbai Indians,field,Delhi Daredevils
"Sardar Patel Stadium, Motera",Rajasthan Royals,Royal Challengers Bangalore,Royal Challengers Bangalore,field,Royal Challengers Bangalore
Wankhede Stadium,Mumbai Indians,Sunrisers Hyderabad,Mumbai Indians,bat,Mumbai Indians
"MA Chidambaram Stadium, Chepauk",Chennai Super Kings,Kings XI Punjab,Chennai Super Kings,bat,Chennai Super Kings
Feroz Shah Kotla,Delhi Daredevils,Royal Challengers Bangalore,Royal Challengers Bangalore,field,Royal Challengers Bangalore
"Punjab Cricket Association Stadium, Mohali",Kings XI Punjab,Sunrisers Hyderabad,Kings XI Punjab,field,Sunrisers Hyderabad
Eden Gardens,Kolkata Knight Riders,Delhi Daredevils,Kolkata Knight Riders,bat,Kolkata Knight Riders
M Chinnaswamy Stadium,Royal Challengers Bangalore,Rajasthan Royals,Rajasthan Royals,field,NA
"MA Chidambaram Stadium, Chepauk",Chennai Super Kings,Kolkata Knight Riders,Kolkata Knight Riders,field,Chennai Super Kings
Feroz Shah Kotla,Delhi Daredevils,Kings XI Punjab,Delhi Daredevils,field,Delhi Daredevils
Wankhede Stadium,Mumbai Indians,Rajasthan Royals,Rajasthan Royals,field,Mumbai Indians
M Chinnaswamy Stadium,Royal Challengers Bangalore,Kolkata Knight Riders,Royal Challengers Bangalore,field,Royal Challengers Bangalore
"Rajiv Gandhi International Stadium, Uppal",Sunrisers Hyderabad,Chennai Super Kings,Chennai Super Kings,field,Sunrisers Hyderabad
"Punjab Cricket Association Stadium, Mohali",Kings XI Punjab,Mumbai Indians,Mumbai Indians,bat,Mumbai Indians
Brabourne Stadium,Rajasthan Royals,Delhi Daredevils,Delhi Daredevils,field,Rajasthan Royals
"MA Chidambaram Stadium, Chepauk",Chennai Super Kings,Royal Challengers Bangalore,Chennai Super Kings,bat,Chennai Super Kings
Eden Gardens,Kolkata Knight Riders,Sunrisers Hyderabad,Sunrisers Hyderabad,field,Kolkata Knight Riders
Wankhede Stadium,Mumbai Indians,Delhi Daredevils,Delhi Daredevils,bat,Mumbai Indians
M Chinnaswamy Stadium,Royal Challengers Bangalore,Kings XI Punjab,Kings XI Punjab,field,Royal Challengers Bangalore
Brabourne Stadium,Rajasthan Royals,Sunrisers Hyderabad,Rajasthan Royals,field,Sunrisers Hyderabad
"MA Chidambaram Stadium, Chepauk",Chennai Super Kings,Mumbai Indians,Chennai Super Kings,bat,Mumbai Indians
Eden Gardens,Kolkata Knight Riders,Kings XI Punjab,Kings XI Punjab,bat,Kolkata Knight Riders
Shaheed Veer Narayan Singh International Stadium,Delhi Daredevils,Sunrisers Hyderabad,Sunrisers Hyderabad,bat,Sunrisers Hyderabad
Wankhede Stadium,Mumbai Indians,Royal Challengers Bangalore,Royal Challengers Bangalore,bat,Royal Challengers Bangalore
"MA Chidambaram Stadium, Chepauk",Chennai Super Kings,Rajasthan Royals,Chennai Super Kings,bat,Chennai Super Kings
"Rajiv Gandhi International Stadium, Uppal",Sunrisers Hyderabad,Kings XI Punjab,Sunrisers Hyderabad,bat,Sunrisers Hyderabad
Shaheed Veer Narayan Singh International Stadium,Delhi Daredevils,Chennai Super Kings,Chennai Super Kings,bat,Delhi Daredevils
"Punjab Cricket Association Stadium, Mohali",Kings XI Punjab,Royal Challengers Bangalore,Royal Challengers Bangalore,field,Kings XI Punjab
Wankhede Stadium,Mumbai Indians,Kolkata Knight Riders,Kolkata Knight Riders,field,Mumbai Indians
"Rajiv Gandhi International Stadium, Uppal",Sunrisers Hyderabad,Royal Challengers Bangalore,Sunrisers Hyderabad,bat,Royal Challengers Bangalore
"Punjab Cricket Association Stadium, Mohali",Kings XI Punjab,Chennai Super Kings,Kings XI Punjab,bat,Chennai Super Kings
Brabourne Stadium,Rajasthan Royals,Kolkata Knight Riders,Rajasthan Royals,bat,Rajasthan Royals
M Chinnaswamy Stadium,Royal Challengers Bangalore,Delhi Daredevils,Royal Challengers Bangalore,field,NA
"Rajiv Gandhi International Stadium, Uppal",Sunrisers Hyderabad,Mumbai Indians,Sunrisers Hyderabad,bat,Mumbai Indians
Wankhede Stadium,Chennai Super Kings,Mumbai Indians,Mumbai Indians,bat,Mumbai Indians
Maharashtra Cricket Association Stadium,Royal Challengers Bangalore,Rajasthan Royals,Royal Challengers Bangalore,bat,Royal Challengers Bangalore
JSCA International Stadium Complex,Chennai Super Kings,Royal Challengers Bangalore,Chennai Super Kings,field,Chennai Super Kings
Eden Gardens,Mumbai Indians,Chennai Super Kings,Chennai Super Kings,field,Mumbai Indians
Wankhede Stadium,Mumbai Indians,Rising Pune Supergiants,Mumbai Indians,bat,Rising Pune Supergiants
Eden Gardens,Kolkata Knight Riders,Delhi Daredevils,Kolkata Knight Riders,field,Kolkata Knight Riders
"Punjab Cricket Association IS Bindra Stadium, Mohali",Kings XI Punjab,Gujarat Lions,Gujarat Lions,field,Gujarat Lions
M Chinnaswamy Stadium,Royal Challengers Bangalore,Sunrisers Hyderabad,Sunrisers Hyderabad,field,Royal Challengers Bangalore
Eden Gardens,Kolkata Knight Riders,Mumbai Indians,Mumbai Indians,field,Mumbai Indians
Saurashtra Cricket Association Stadium,Gujarat Lions,Rising Pune Supergiants,Rising Pune Supergiants,bat,Gujarat Lions
Feroz Shah Kotla,Delhi Daredevils,Kings XI Punjab,Delhi Daredevils,field,Delhi Daredevils
"Rajiv Gandhi International Stadium, Uppal",Sunrisers Hyderabad,Kolkata Knight Riders,Sunrisers Hyderabad,bat,Kolkata Knight Riders
Wankhede Stadium,Mumbai Indians,Gujarat Lions,Gujarat Lions,field,Gujarat Lions
"Punjab Cricket Association IS Bindra Stadium, Mohali",Kings XI Punjab,Rising Pune Supergiants,Rising Pune Supergiants,bat,Kings XI Punjab
M Chinnaswamy Stadium,Royal Challengers Bangalore,Delhi Daredevils,Delhi Daredevils,field,Delhi Daredevils
"Rajiv Gandhi International Stadium, Uppal",Sunrisers Hyderabad,Mumbai Indians,Sunrisers Hyderabad,field,Sunrisers Hyderabad
"Punjab Cricket Association IS Bindra Stadium, Mohali",Kings XI Punjab,Kolkata Knight Riders,Kolkata Knight Riders,field,Kolkata Knight Riders
Wankhede Stadium,Mumbai Indians,Royal Challengers Bangalore,Mumbai Indians,field,Mumbai Indians
Saurashtra Cricket Association Stadium,Gujarat Lions,Sunrisers Hyderabad,Sunrisers Hyderabad,field,Sunrisers Hyderabad
Maharashtra Cricket Association Stadium,Rising Pune Supergiants,Royal Challengers Bangalore,Rising Pune Supergiants,field,Royal Challengers Bangalore
Feroz Shah Kotla,Delhi Daredevils,Mumbai Indians,Mumbai Indians,field,Delhi Daredevils
"Rajiv Gandhi International Stadium, Uppal",Sunrisers Hyderabad,Kings XI Punjab,Sunrisers Hyderabad,field,Sunrisers Hyderabad
Saurashtra Cricket Association Stadium,Gujarat Lions,Royal Challengers Bangalore,Royal Challengers Bangalore,bat,Gujarat Lions
Maharashtra Cricket Association Stadium,Rising Pune Supergiants,Kolkata Knight Riders,Kolkata Knight Riders,field,Kolkata Knight Riders
"Punjab Cricket Association IS Bindra Stadium, Mohali",Kings XI Punjab,Mumbai Indians,Kings XI Punjab,field,Mumbai Indians
"Rajiv Gandhi International Stadium, Uppal",Sunrisers Hyderabad,Rising Pune Supergiants,Rising Pune Supergiants,field,Rising Pune Supergiants
Feroz Shah Kotla,Delhi Daredevils,Gujarat Lions,Delhi Daredevils,field,Gujarat Lions
Wankhede Stadium,Mumbai Indians,Kolkata Knight Riders,Mumbai Indians,field,Mumbai Indians
Maharashtra Cricket Association Stadium,Rising Pune Supergiants,Gujarat Lions,Gujarat Lions,field,Gujarat Lions
Feroz Shah Kotla,Delhi Daredevils,Kolkata Knight Riders,Kolkata Knight Riders,field,Delhi Daredevils
"Rajiv Gandhi International Stadium, Uppal",Sunrisers Hyderabad,Royal Challengers Bangalore,Royal Challengers Bangalore,field,Sunrisers Hyderabad
Saurashtra Cricket Association Stadium,Gujarat Lions,Kings XI Punjab,Gujarat Lions,field,Kings XI Punjab
Maharashtra Cricket Association Stadium,Rising Pune Supergiants,Mumbai Indians,Mumbai Indians,field,Mumbai Indians
M Chinnaswamy Stadium,Royal Challengers Bangalore,Kolkata Knight Riders,Kolkata Knight Riders,field,Kolkata Knight Riders
Saurashtra Cricket Association Stadium,Gujarat Lions,Delhi Daredevils,Delhi Daredevils,field,Delhi Daredevils
Eden Gardens,Kolkata Knight Riders,Kings XI Punjab,Kings XI Punjab,field,Kolkata Knight Riders
Feroz Shah Kotla,Delhi Daredevils,Rising Pune Supergiants,Rising Pune Supergiants,field,Rising Pune Supergiants
"Rajiv Gandhi International Stadium, Uppal",Sunrisers Hyderabad,Gujarat Lions,Sunrisers Hyderabad,field,Sunrisers Hyderabad
M Chinnaswamy Stadium,Royal Challengers Bangalore,Rising Pune Supergiants,Royal Challengers Bangalore,field,Royal Challengers Bangalore
"Punjab Cricket Association IS Bindra Stadium, Mohali",Kings XI Punjab,Delhi Daredevils,Delhi Daredevils,field,Kings XI Punjab
Dr. Y.S. Rajasekhara Reddy ACA-VDCA Cricket Stadium,Mumbai Indians,Sunrisers Hyderabad,Mumbai Indians,field,Sunrisers Hyderabad
Eden Gardens,Kolkata Knight Riders,Gujarat Lions,Gujarat Lions,field,Gujarat Lions
"Punjab Cricket Association IS Bindra Stadium, Mohali",Kings XI Punjab,Royal Challengers Bangalore,Kings XI Punjab,field,Royal Challengers Bangalore
Dr. Y.S. Rajasekhara Reddy ACA-VDCA Cricket Stadium,Rising Pune Supergiants,Sunrisers Hyderabad,Sunrisers Hyderabad,bat,Sunrisers Hyderabad
M Chinnaswamy Stadium,Royal Challengers Bangalore,Mumbai Indians,Mumbai Indians,field,Mumbai Indians
"Rajiv Gandhi International Stadium, Uppal",Sunrisers Hyderabad,Delhi Daredevils,Delhi Daredevils,field,Delhi Daredevils
Dr. Y.S. Rajasekhara Reddy ACA-VDCA Cricket Stadium,Mumbai Indians,Kings XI Punjab,Mumbai Indians,bat,Kings XI Punjab
M Chinnaswamy Stadium,Royal Challengers Bangalore,Gujarat Lions,Gujarat Lions,field,Royal Challengers Bangalore
Eden Gardens,Kolkata Knight Riders,Rising Pune Supergiants,Rising Pune Supergiants,bat,Kolkata Knight Riders
"Punjab Cricket Association IS Bindra Stadium, Mohali",Kings XI Punjab,Sunrisers Hyderabad,Kings XI Punjab,bat,Sunrisers Hyderabad
Dr. Y.S. Rajasekhara Reddy ACA-VDCA Cricket Stadium,Mumbai Indians,Delhi Daredevils,Delhi Daredevils,field,Mumbai Indians
Eden Gardens,Kolkata Knight Riders,Royal Challengers Bangalore,Royal Challengers Bangalore,field,Royal Challengers Bangalore
Dr. Y.S. Rajasekhara Reddy ACA-VDCA Cricket Stadium,Rising Pune Supergiants,Delhi Daredevils,Rising Pune Supergiants,field,Rising Pune Supergiants
M Chinnaswamy Stadium,Royal Challengers Bangalore,Kings XI Punjab,Kings XI Punjab,field,Royal Challengers Bangalore
Green Park,Gujarat Lions,Kolkata Knight Riders,Gujarat Lions,field,Gujarat Lions
Shaheed Veer Narayan Singh International Stadium,Delhi Daredevils,Sunrisers Hyderabad,Delhi Daredevils,field,Delhi Daredevils
Dr. Y.S. Rajasekhara Reddy ACA-VDCA Cricket Stadium,Rising Pune Supergiants,Kings XI Punjab,Kings XI Punjab,bat,Rising Pune Supergiants
Green Park,Gujarat Lions,Mumbai Indians,Gujarat Lions,field,Gujarat Lions
Eden Gardens,Kolkata Knight Riders,Sunrisers Hyderabad,Sunrisers Hyderabad,field,Kolkata Knight Riders
Shaheed Veer Narayan Singh International Stadium,Delhi Daredevils,Royal Challengers Bangalore,Royal Challengers Bangalore,field,Royal Challengers Bangalore
M Chinnaswamy Stadium,Gujarat Lions,Royal Challengers Bangalore,Royal Challengers Bangalore,field,Royal Challengers Bangalore
Feroz Shah Kotla,Sunrisers Hyderabad,Kolkata Knight Riders,Kolkata Knight Riders,field,Sunrisers Hyderabad
Feroz Shah Kotla,Gujarat Lions,Sunrisers Hyderabad,Sunrisers Hyderabad,field,Sunrisers Hyderabad
M Chinnaswamy Stadium,Royal Challengers Bangalore,Sunrisers Hyderabad,Sunrisers Hyderabad,bat,Sunrisers Hyderabad
"Rajiv Gandhi International Stadium, Uppal",Sunrisers Hyderabad,Royal Challengers Bangalore,Royal Challengers Bangalore,field,Sunrisers Hyderabad
Maharashtra Cricket Association Stadium,Rising Pune Supergiant,Mumbai Indians,Rising Pune Supergiant,field,Rising Pune Supergiant
Saurashtra Cricket Association Stadium,Gujarat Lions,Kolkata Knight Riders,Kolkata Knight Riders,field,Kolkata Knight Riders
Holkar Cricket Stadium,Kings XI Punjab,Rising Pune Supergiant,Kings XI Punjab,field,Kings XI Punjab
M.Chinnaswamy Stadium,Royal Challengers Bangalore,Delhi Daredevils,Royal Challengers Bangalore,bat,Royal Challengers Bangalore
"Rajiv Gandhi International Stadium, Uppal",Sunrisers Hyderabad,Gujarat Lions,Sunrisers Hyderabad,field,Sunrisers Hyderabad
Wankhede Stadium,Mumbai Indians,Kolkata Knight Riders,Mumbai Indians,field,Mumbai Indians
Holkar Cricket Stadium,Kings XI Punjab,Royal Challengers Bangalore,Royal Challengers Bangalore,bat,Kings XI Punjab
Maharashtra Cricket Association Stadium,Rising Pune Supergiant,Delhi Daredevils,Rising Pune Supergiant,field,Delhi Daredevils
Wankhede Stadium,Mumbai Indians,Sunrisers Hyderabad,Mumbai Indians,field,Mumbai Indians
Eden Gardens,Kolkata Knight Riders,Kings XI Punjab,Kolkata Knight Riders,field,Kolkata Knight Riders
M Chinnaswamy Stadium,Royal Challengers Bangalore,Mumbai Indians,Mumbai Indians,field,Mumbai Indians
Saurashtra Cricket Association Stadium,Gujarat Lions,Rising Pune Supergiant,Gujarat Lions,field,Gujarat Lions
Eden Gardens,Kolkata Knight Riders,Sunrisers Hyderabad,Sunrisers Hyderabad,field,Kolkata Knight Riders
Feroz Shah Kotla,Delhi Daredevils,Kings XI Punjab,Delhi Daredevils,bat,Delhi Daredevils
Wankhede Stadium,Mumbai Indians,Gujarat Lions,Mumbai Indians,field,Mumbai Indians
M Chinnaswamy Stadium,Royal Challengers Bangalore,Rising Pune Supergiant,Royal Challengers Bangalore,field,Rising Pune Supergiant
Feroz Shah Kotla,Delhi Daredevils,Kolkata Knight Riders,Delhi Daredevils,bat,Kolkata Knight Riders
"Rajiv Gandhi International Stadium, Uppal",Sunrisers Hyderabad,Kings XI Punjab,Kings XI Punjab,field,Sunrisers Hyderabad
Saurashtra Cricket Association Stadium,Gujarat Lions,Royal Challengers Bangalore,Gujarat Lions,field,Royal Challengers Bangalore
"Rajiv Gandhi International Stadium, Uppal",Sunrisers Hyderabad,Delhi Daredevils,Sunrisers Hyderabad,bat,Sunrisers Hyderabad
Holkar Cricket Stadium,Kings XI Punjab,Mumbai Indians,Mumbai Indians,field,Mumbai Indians
Eden Gardens,Kolkata Knight Riders,Gujarat Lions,Gujarat Lions,field,Gujarat Lions
Wankhede Stadium,Mumbai Indians,Delhi Daredevils,Delhi Daredevils,field,Mumbai Indians
Maharashtra Cricket Association Stadium,Rising Pune Supergiant,Sunrisers Hyderabad,Rising Pune Supergiant,field,Rising Pune Supergiant
Saurashtra Cricket Association Stadium,Gujarat Lions,Kings XI Punjab,Gujarat Lions,field,Kings XI Punjab
Eden Gardens,Kolkata Knight Riders,Royal Challengers Bangalore,Royal Challengers Bangalore,field,Kolkata Knight Riders
Wankhede Stadium,Mumbai Indians,Rising Pune Supergiant,Mumbai Indians,field,Rising Pune Supergiant
Maharashtra Cricket Association Stadium,Rising Pune Supergiant,Kolkata Knight Riders,Kolkata Knight Riders,field,Kolkata Knight Riders
M Chinnaswamy Stadium,Royal Challengers Bangalore,Gujarat Lions,Gujarat Lions,field,Gujarat Lions
Eden Gardens,Kolkata Knight Riders,Delhi Daredevils,Kolkata Knight Riders,field,Kolkata Knight Riders
"Punjab Cricket Association IS Bindra Stadium, Mohali",Kings XI Punjab,Sunrisers Hyderabad,Kings XI Punjab,field,Sunrisers Hyderabad
Maharashtra Cricket Association Stadium,Rising Pune Supergiant,Royal Challengers Bangalore,Royal Challengers Bangalore,field,Rising Pune Supergiant
Saurashtra Cricket Association Stadium,Gujarat Lions,Mumbai Indians,Gujarat Lions,bat,Mumbai Indians
"Punjab Cricket Association IS Bindra Stadium, Mohali",Kings XI Punjab,Delhi Daredevils,Kings XI Punjab,field,Kings XI Punjab
"Rajiv Gandhi International Stadium, Uppal",Sunrisers Hyderabad,Kolkata Knight Riders,Kolkata Knight Riders,field,Sunrisers Hyderabad
Wankhede Stadium,Mumbai Indians,Royal Challengers Bangalore,Royal Challengers Bangalore,bat,Mumbai Indians
Maharashtra Cricket Association Stadium,Rising Pune Supergiant,Gujarat Lions,Rising Pune Supergiant,field,Rising Pune Supergiant
Feroz Shah Kotla,Delhi Daredevils,Sunrisers Hyderabad,Delhi Daredevils,field,Delhi Daredevils
Eden Gardens,Kolkata Knight Riders,Rising Pune Supergiant,Rising Pune Supergiant,field,Rising Pune Supergiant
Feroz Shah Kotla,Delhi Daredevils,Gujarat Lions,Delhi Daredevils,field,Delhi Daredevils
M Chinnaswamy Stadium,Royal Challengers Bangalore,Kings XI Punjab,Royal Challengers Bangalore,field,Kings XI Punjab
"Rajiv Gandhi International Stadium, Uppal",Sunrisers Hyderabad,Rising Pune Supergiant,Sunrisers Hyderabad,field,Rising Pune Supergiant
Feroz Shah Kotla,Delhi Daredevils,Mumbai Indians,Delhi Daredevils,field,Mumbai Indians
M Chinnaswamy Stadium,Royal Challengers Bangalore,Kolkata Knight Riders,Kolkata Knight Riders,field,Kolkata Knight Riders
"Punjab Cricket Association IS Bindra Stadium, Mohali",Kings XI Punjab,Gujarat Lions,Gujarat Lions,field,Gujarat Lions
"Rajiv Gandhi International Stadium, Uppal",Sunrisers Hyderabad,Mumbai Indians,Mumbai Indians,bat,Sunrisers Hyderabad
"Punjab Cricket Association IS Bindra Stadium, Mohali",Kings XI Punjab,Kolkata Knight Riders,Kolkata Knight Riders,field,Kings XI Punjab
Green Park,Gujarat Lions,Delhi Daredevils,Delhi Daredevils,field,Delhi Daredevils
Wankhede Stadium,Mumbai Indians,Kings XI Punjab,Mumbai Indians,field,Kings XI Punjab
Feroz Shah Kotla,Delhi Daredevils,Rising Pune Supergiant,Delhi Daredevils,bat,Delhi Daredevils
Green Park,Gujarat Lions,Sunrisers Hyderabad,Sunrisers Hyderabad,field,Sunrisers Hyderabad
Eden Gardens,Kolkata Knight Riders,Mumbai Indians,Kolkata Knight Riders,field,Mumbai Indians
Maharashtra Cricket Association Stadium,Rising Pune Supergiant,Kings XI Punjab,Rising Pune Supergiant,field,Rising Pune Supergiant
Feroz Shah Kotla,Delhi Daredevils,Royal Challengers Bangalore,Royal Challengers Bangalore,bat,Royal Challengers Bangalore
Wankhede Stadium,Mumbai Indians,Rising Pune Supergiant,Mumbai Indians,field,Rising Pune Supergiant
M Chinnaswamy Stadium,Sunrisers Hyderabad,Kolkata Knight Riders,Kolkata Knight Riders,field,Kolkata Knight Riders
M Chinnaswamy Stadium,Mumbai Indians,Kolkata Knight Riders,Mumbai Indians,field,Mumbai Indians
"Rajiv Gandhi International Stadium, Uppal",Mumbai Indians,Rising Pune Supergiant,Mumbai Indians,bat,Mumbai Indians
Wankhede Stadium,Mumbai Indians,Chennai Super Kings,Chennai Super Kings,field,Chennai Super Kings
"Punjab Cricket Association IS Bindra Stadium, Mohali",Kings XI Punjab,Delhi Daredevils,Kings XI Punjab,field,Kings XI Punjab
Eden Gardens,Kolkata Knight Riders,Royal Challengers Bangalore,Kolkata Knight Riders,field,Kolkata Knight Riders
"Rajiv Gandhi International Stadium, Uppal",Sunrisers Hyderabad,Rajasthan Royals,Sunrisers Hyderabad,field,Sunrisers Hyderabad
"MA Chidambaram Stadium, Chepauk",Chennai Super Kings,Kolkata Knight Riders,Chennai Super Kings,field,Chennai Super Kings
Sawai Mansingh Stadium,Rajasthan Royals,Delhi Daredevils,Delhi Daredevils,field,Rajasthan Royals
"Rajiv Gandhi International Stadium, Uppal",Sunrisers Hyderabad,Mumbai Indians,Sunrisers Hyderabad,field,Sunrisers Hyderabad
M.Chinnaswamy Stadium,Royal Challengers Bangalore,Kings XI Punjab,Royal Challengers Bangalore,field,Royal Challengers Bangalore
Wankhede Stadium,Mumbai Indians,Delhi Daredevils,Delhi Daredevils,field,Delhi Daredevils
Eden Gardens,Kolkata Knight Riders,Sunrisers Hyderabad,Sunrisers Hyderabad,field,Sunrisers Hyderabad
M.Chinnaswamy Stadium,Royal Challengers Bangalore,Rajasthan Royals,Royal Challengers Bangalore,field,Rajasthan Royals
"Punjab Cricket Association IS Bindra Stadium, Mohali",Kings XI Punjab,Chennai Super Kings,Chennai Super Kings,field,Kings XI Punjab
Eden Gardens,Kolkata Knight Riders,Delhi Daredevils,Delhi Daredevils,field,Kolkata Knight Riders
Wankhede Stadium,Mumbai Indians,Royal Challengers Bangalore,Royal Challengers Bangalore,field,Mumbai Indians
Sawai Mansingh Stadium,Rajasthan Royals,Kolkata Knight Riders,Kolkata Knight Riders,field,Kolkata Knight Riders
"Punjab Cricket Association IS Bindra Stadium, Mohali",Kings XI Punjab,Sunrisers Hyderabad,Kings XI Punjab,bat,Kings XI Punjab
Maharashtra Cricket Association Stadium,Chennai Super Kings,Rajasthan Royals,Rajasthan Royals,field,Chennai Super Kings
Eden Gardens,Kolkata Knight Riders,Kings XI Punjab,Kings XI Punjab,field,Kings XI Punjab
M.Chinnaswamy Stadium,Royal Challengers Bangalore,Delhi Daredevils,Royal Challengers Bangalore,field,Royal Challengers Bangalore
"Rajiv Gandhi International Stadium, Uppal",Sunrisers Hyderabad,Chennai Super Kings,Sunrisers Hyderabad,field,Chennai Super Kings
Sawai Mansingh Stadium,Rajasthan Royals,Mumbai Indians,Mumbai Indians,bat,Rajasthan Royals
Feroz Shah Kotla,Delhi Daredevils,Kings XI Punjab,Delhi Daredevils,field,Kings XI Punjab
Wankhede Stadium,Mumbai Indians,Sunrisers Hyderabad,Mumbai Indians,field,Sunrisers Hyderabad
M.Chinnaswamy Stadium,Royal Challengers Bangalore,Chennai Super Kings,Chennai Super Kings,field,Chennai Super Kings
"Rajiv Gandhi International Stadium, Uppal",Sunrisers Hyderabad,Kings XI Punjab,Kings XI Punjab,field,Sunrisers Hyderabad
Feroz Shah Kotla,Delhi Daredevils,Kolkata Knight Riders,Kolkata Knight Riders,field,Delhi Daredevils
Maharashtra Cricket Association Stadium,Chennai Super Kings,Mumbai Indians,Mumbai Indians,field,Mumbai Indians
Sawai Mansingh Stadium,Rajasthan Royals,Sunrisers Hyderabad,Sunrisers Hyderabad,bat,Sunrisers Hyderabad
M.Chinnaswamy Stadium,Royal Challengers Bangalore,Kolkata Knight Riders,Kolkata Knight Riders,field,Kolkata Knight Riders
Maharashtra Cricket Association Stadium,Chennai Super Kings,Delhi Daredevils,Delhi Daredevils,field,Chennai Super Kings
M.Chinnaswamy Stadium,Royal Challengers Bangalore,Mumbai Indians,Mumbai Indians,field,Royal Challengers Bangalore
Feroz Shah Kotla,Delhi Daredevils,Rajasthan Royals,Rajasthan Royals,field,Delhi Daredevils
Eden Gardens,Kolkata Knight Riders,Chennai Super Kings,Kolkata Knight Riders,field,Kolkata Knight Riders
Holkar Cricket Stadium,Kings XI Punjab,Mumbai Indians,Mumbai Indians,field,Mumbai Indians
Maharashtra Cricket Association Stadium,Chennai Super Kings,Royal Challengers Bangalore,Chennai Super Kings,field,Chennai Super Kings
"Rajiv Gandhi International Stadium, Uppal",Sunrisers Hyderabad,Delhi Daredevils,Delhi Daredevils,bat,Sunrisers Hyderabad
Wankhede Stadium,Mumbai Indians,Kolkata Knight Riders,Kolkata Knight Riders,field,Mumbai Indians
Holkar Cricket Stadium,Kings XI Punjab,Rajasthan Royals,Kings XI Punjab,field,Kings XI Punjab
"Rajiv Gandhi International Stadium, Uppal",Sunrisers Hyderabad,Royal Challengers Bangalore,Royal Challengers Bangalore,field,Sunrisers Hyderabad
Sawai Mansingh Stadium,Rajasthan Royals,Kings XI Punjab,Rajasthan Royals,bat,Rajasthan Royals
Eden Gardens,Kolkata Knight Riders,Mumbai Indians,Kolkata Knight Riders,field,Mumbai Indians
Feroz Shah Kotla,Delhi Daredevils,Sunrisers Hyderabad,Delhi Daredevils,bat,Sunrisers Hyderabad
Sawai Mansingh Stadium,Rajasthan Royals,Chennai Super Kings,Chennai Super Kings,bat,Rajasthan Royals
Holkar Cricket Stadium,Kings XI Punjab,Kolkata Knight Riders,Kings XI Punjab,field,Kolkata Knight Riders
Feroz Shah Kotla,Delhi Daredevils,Royal Challengers Bangalore,Royal Challengers Bangalore,field,Royal Challengers Bangalore
Maharashtra Cricket Association Stadium,Chennai Super Kings,Sunrisers Hyderabad,Chennai Super Kings,field,Chennai Super Kings
Wankhede Stadium,Mumbai Indians,Rajasthan Royals,Rajasthan Royals,field,Rajasthan Royals
Holkar Cricket Stadium,Kings XI Punjab,Royal Challengers Bangalore,Royal Challengers Bangalore,field,Royal Challengers Bangalore
Eden Gardens,Kolkata Knight Riders,Rajasthan Royals,Kolkata Knight Riders,field,Kolkata Knight Riders
Wankhede Stadium,Mumbai Indians,Kings XI Punjab,Kings XI Punjab,field,Mumbai Indians
M.Chinnaswamy Stadium,Royal Challengers Bangalore,Sunrisers Hyderabad,Sunrisers Hyderabad,field,Royal Challengers Bangalore
Feroz Shah Kotla,Delhi Daredevils,Chennai Super Kings,Chennai Super Kings,field,Delhi Daredevils
Sawai Mansingh Stadium,Rajasthan Royals,Royal Challengers Bangalore,Rajasthan Royals,bat,Rajasthan Royals
"Rajiv Gandhi International Stadium, Uppal",Sunrisers Hyderabad,Kolkata Knight Riders,Sunrisers Hyderabad,bat,Kolkata Knight Riders
Feroz Shah Kotla,Delhi Daredevils,Mumbai Indians,Delhi Daredevils,bat,Delhi Daredevils
Maharashtra Cricket Association Stadium,Chennai Super Kings,Kings XI Punjab,Chennai Super Kings,field,Chennai Super Kings
Wankhede Stadium,Sunrisers Hyderabad,Chennai Super Kings,Chennai Super Kings,field,Chennai Super Kings
Eden Gardens,Kolkata Knight Riders,Rajasthan Royals,Rajasthan Royals,field,Kolkata Knight Riders
Eden Gardens,Kolkata Knight Riders,Sunrisers Hyderabad,Kolkata Knight Riders,field,Sunrisers Hyderabad
Wankhede Stadium,Chennai Super Kings,Sunrisers Hyderabad,Chennai Super Kings,field,Chennai Super Kings
"MA Chidambaram Stadium, Chepauk",Chennai Super Kings,Royal Challengers Bangalore,Chennai Super Kings,field,Chennai Super Kings
Eden Gardens,Kolkata Knight Riders,Sunrisers Hyderabad,Kolkata Knight Riders,field,Kolkata Knight Riders
Wankhede Stadium,Mumbai Indians,Delhi Capitals,Mumbai Indians,field,Delhi Capitals
Sawai Mansingh Stadium,Rajasthan Royals,Kings XI Punjab,Rajasthan Royals,field,Kings XI Punjab
Feroz Shah Kotla,Delhi Capitals,Chennai Super Kings,Delhi Capitals,bat,Chennai Super Kings
Eden Gardens,Kolkata Knight Riders,Kings XI Punjab,Kings XI Punjab,field,Kolkata Knight Riders
M.Chinnaswamy Stadium,Royal Challengers Bangalore,Mumbai Indians,Royal Challengers Bangalore,field,Mumbai Indians
"Rajiv Gandhi International Stadium, Uppal",Sunrisers Hyderabad,Rajasthan Royals,Rajasthan Royals,bat,Sunrisers Hyderabad
"Punjab Cricket Association IS Bindra Stadium, Mohali",Kings XI Punjab,Mumbai Indians,Kings XI Punjab,field,Kings XI Punjab
Feroz Shah Kotla,Delhi Capitals,Kolkata Knight Riders,Delhi Capitals,field,Delhi Capitals
"Rajiv Gandhi International Stadium, Uppal",Sunrisers Hyderabad,Royal Challengers Bangalore,Royal Challengers Bangalore,field,Sunrisers Hyderabad
"MA Chidambaram Stadium, Chepauk",Chennai Super Kings,Rajasthan Royals,Rajasthan Royals,field,Chennai Super Kings
"Punjab Cricket Association IS Bindra Stadium, Mohali",Kings XI Punjab,Delhi Capitals,Delhi Capitals,field,Kings XI Punjab
Sawai Mansingh Stadium,Rajasthan Royals,Royal Challengers Bangalore,Rajasthan Royals,field,Rajasthan Royals
Wankhede Stadium,Mumbai Indians,Chennai Super Kings,Chennai Super Kings,field,Mumbai Indians
Feroz Shah Kotla,Delhi Capitals,Sunrisers Hyderabad,Sunrisers Hyderabad,field,Sunrisers Hyderabad
M.Chinnaswamy Stadium,Royal Challengers Bangalore,Kolkata Knight Riders,Kolkata Knight Riders,field,Kolkata Knight Riders
"MA Chidambaram Stadium, Chepauk",Chennai Super Kings,Kings XI Punjab,Chennai Super Kings,bat,Chennai Super Kings
"Rajiv Gandhi International Stadium, Uppal",Sunrisers Hyderabad,Mumbai Indians,Sunrisers Hyderabad,field,Mumbai Indians
M.Chinnaswamy Stadium,Royal Challengers Bangalore,Delhi Capitals,Delhi Capitals,field,Delhi Capitals
Sawai Mansingh Stadium,Rajasthan Royals,Kolkata Knight Riders,Kolkata Knight Riders,field,Kolkata Knight Riders
"Punjab Cricket Association IS Bindra Stadium, Mohali",Kings XI Punjab,Sunrisers Hyderabad,Kings XI Punjab,field,Kings XI Punjab
"MA Chidambaram Stadium, Chepauk",Chennai Super Kings,Kolkata Knight Riders,Chennai Super Kings,field,Chennai Super Kings
Wankhede Stadium,Mumbai Indians,Kings XI Punjab,Mumbai Indians,field,Mumbai Indians
Sawai Mansingh Stadium,Rajasthan Royals,Chennai Super Kings,Chennai Super Kings,field,Chennai Super Kings
Eden Gardens,Kolkata Knight Riders,Delhi Capitals,Delhi Capitals,field,Delhi Capitals
Wankhede Stadium,Mumbai Indians,Rajasthan Royals,Rajasthan Royals,field,Rajasthan Royals
"Punjab Cricket Association IS Bindra Stadium, Mohali",Kings XI Punjab,Royal Challengers Bangalore,Royal Challengers Bangalore,field,Royal Challengers Bangalore
Eden Gardens,Kolkata Knight Riders,Chennai Super Kings,Chennai Super Kings,field,Chennai Super Kings
"Rajiv Gandhi International Stadium, Uppal",Sunrisers Hyderabad,Delhi Capitals,Sunrisers Hyderabad,field,Delhi Capitals
Wankhede Stadium,Mumbai Indians,Royal Challengers Bangalore,Mumbai Indians,field,Mumbai Indians
"Punjab Cricket Association IS Bindra Stadium, Mohali",Kings XI Punjab,Rajasthan Royals,Rajasthan Royals,field,Kings XI Punjab
"Rajiv Gandhi International Stadium, Uppal",Sunrisers Hyderabad,Chennai Super Kings,Chennai Super Kings,bat,Sunrisers Hyderabad
Feroz Shah Kotla,Delhi Capitals,Mumbai Indians,Mumbai Indians,bat,Mumbai Indians
Eden Gardens,Kolkata Knight Riders,Royal Challengers Bangalore,Kolkata Knight Riders,field,Royal Challengers Bangalore
Sawai Mansingh Stadium,Rajasthan Royals,Mumbai Indians,Rajasthan Royals,field,Rajasthan Royals
Feroz Shah Kotla,Delhi Capitals,Kings XI Punjab,Delhi Capitals,field,Delhi Capitals
"Rajiv Gandhi International Stadium, Uppal",Sunrisers Hyderabad,Kolkata Knight Riders,Sunrisers Hyderabad,field,Sunrisers Hyderabad
M.Chinnaswamy Stadium,Royal Challengers Bangalore,Chennai Super Kings,Chennai Super Kings,field,Royal Challengers Bangalore
Sawai Mansingh Stadium,Rajasthan Royals,Delhi Capitals,Delhi Capitals,field,Delhi Capitals
"MA Chidambaram Stadium, Chepauk",Chennai Super Kings,Sunrisers Hyderabad,Chennai Super Kings,field,Chennai Super Kings
M.Chinnaswamy Stadium,Royal Challengers Bangalore,Kings XI Punjab,Kings XI Punjab,field,Royal Challengers Bangalore
Eden Gardens,Kolkata Knight Riders,Rajasthan Royals,Rajasthan Royals,field,Rajasthan Royals
"MA Chidambaram Stadium, Chepauk",Chennai Super Kings,Mumbai Indians,Chennai Super Kings,field,Mumbai Indians
Sawai Mansingh Stadium,Rajasthan Royals,Sunrisers Hyderabad,Rajasthan Royals,field,Rajasthan Royals
Feroz Shah Kotla,Delhi Capitals,Royal Challengers Bangalore,Delhi Capitals,bat,Delhi Capitals
Eden Gardens,Kolkata Knight Riders,Mumbai Indians,Mumbai Indians,field,Kolkata Knight Riders
"Rajiv Gandhi International Stadium, Uppal",Sunrisers Hyderabad,Kings XI Punjab,Kings XI Punjab,field,Sunrisers Hyderabad
M.Chinnaswamy Stadium,Royal Challengers Bangalore,Rajasthan Royals,Rajasthan Royals,field,NA
"MA Chidambaram Stadium, Chepauk",Chennai Super Kings,Delhi Capitals,Delhi Capitals,field,Chennai Super Kings
Wankhede Stadium,Mumbai Indians,Sunrisers Hyderabad,Mumbai Indians,bat,Mumbai Indians
"Punjab Cricket Association IS Bindra Stadium, Mohali",Kings XI Punjab,Kolkata Knight Riders,Kolkata Knight Riders,field,Kolkata Knight Riders
Feroz Shah Kotla,Delhi Capitals,Rajasthan Royals,Rajasthan Royals,bat,Delhi Capitals
M.Chinnaswamy Stadium,Royal Challengers Bangalore,Sunrisers Hyderabad,Royal Challengers Bangalore,field,Royal Challengers Bangalore
"Punjab Cricket Association IS Bindra Stadium, Mohali",Kings XI Punjab,Chennai Super Kings,Kings XI Punjab,field,Kings XI Punjab
Wankhede Stadium,Mumbai Indians,Kolkata Knight Riders,Mumbai Indians,field,Mumbai Indians
"MA Chidambaram Stadium, Chepauk",Mumbai Indians,Chennai Super Kings,Chennai Super Kings,bat,Mumbai Indians
Dr. Y.S. Rajasekhara Reddy ACA-VDCA Cricket Stadium,Delhi Capitals,Sunrisers Hyderabad,Delhi Capitals,field,Delhi Capitals
Dr. Y.S. Rajasekhara Reddy ACA-VDCA Cricket Stadium,Chennai Super Kings,Delhi Capitals,Chennai Super Kings,field,Chennai Super Kings
"Rajiv Gandhi International Stadium, Uppal",Mumbai Indians,Chennai Super Kings,Mumbai Indians,bat,Mumbai Indians
Sheikh Zayed Stadium,Mumbai Indians,Chennai Super Kings,Chennai Super Kings,field,Chennai Super Kings
Dubai International Cricket Stadium,Delhi Capitals,Kings XI Punjab,Kings XI Punjab,field,Delhi Capitals
Sheikh Zayed Stadium,Kolkata Knight Riders,Royal Challengers Bangalore,Kolkata Knight Riders,bat,Royal Challengers Bangalore
Sharjah Cricket Stadium,Mumbai Indians,Sunrisers Hyderabad,Sunrisers Hyderabad,field,Sunrisers Hyderabad
Sharjah Cricket Stadium,Rajasthan Royals,Chennai Super Kings,Chennai Super Kings,field,Rajasthan Royals
Sheikh Zayed Stadium,Kolkata Knight Riders,Delhi Capitals,Delhi Capitals,field,Kolkata Knight Riders
Dubai International Cricket Stadium,Kings XI Punjab,Sunrisers Hyderabad,Sunrisers Hyderabad,field,Kings XI Punjab
Sheikh Zayed Stadium,Royal Challengers Bangalore,Mumbai Indians,Mumbai Indians,field,Mumbai Indians
Sharjah Cricket Stadium,Delhi Capitals,Rajasthan Royals,Rajasthan Royals,field,Delhi Capitals
Sheikh Zayed Stadium,Kolkata Knight Riders,Chennai Super Kings,Kolkata Knight Riders,bat,Kolkata Knight Riders
Sharjah Cricket Stadium,Royal Challengers Bangalore,Sunrisers Hyderabad,Sunrisers Hyderabad,field,Sunrisers Hyderabad
Sheikh Zayed Stadium,Mumbai Indians,Kings XI Punjab,Kings XI Punjab,field,Mumbai Indians
Dubai International Cricket Stadium,Kolkata Knight Riders,Rajasthan Royals,Rajasthan Royals,field,Kolkata Knight Riders
Sheikh Zayed Stadium,Royal Challengers Bangalore,Delhi Capitals,Delhi Capitals,field,Delhi Capitals
Sheikh Zayed Stadium,Kings XI Punjab,Chennai Super Kings,Chennai Super Kings,field,Chennai Super Kings
Dubai International Cricket Stadium,Sunrisers Hyderabad,Rajasthan Royals,Sunrisers Hyderabad,bat,Rajasthan Royals
Sheikh Zayed Stadium,Mumbai Indians,Kolkata Knight Riders,Kolkata Knight Riders,field,Mumbai Indians
Sharjah Cricket Stadium,Chennai Super Kings,Delhi Capitals,Chennai Super Kings,bat,Delhi Capitals
Dubai International Cricket Stadium,Kings XI Punjab,Royal Challengers Bangalore,Royal Challengers Bangalore,field,Kings XI Punjab
Sheikh Zayed Stadium,Mumbai Indians,Rajasthan Royals,Mumbai Indians,bat,Mumbai Indians
Sheikh Zayed Stadium,Kolkata Knight Riders,Sunrisers Hyderabad,Sunrisers Hyderabad,field,Kolkata Knight Riders
Dubai International Cricket Stadium,Kings XI Punjab,Chennai Super Kings,Kings XI Punjab,bat,Chennai Super Kings
Sheikh Zayed Stadium,Rajasthan Royals,Royal Challengers Bangalore,Rajasthan Royals,bat,Royal Challengers Bangalore
Sharjah Cricket Stadium,Delhi Capitals,Kolkata Knight Riders,Kolkata Knight Riders,field,Delhi Capitals
Dubai International Cricket Stadium,Sunrisers Hyderabad,Chennai Super Kings,Sunrisers Hyderabad,bat,Sunrisers Hyderabad
Dubai International Cricket Stadium,Mumbai Indians,Kings XI Punjab,Mumbai Indians,bat,Kings XI Punjab
Dubai International Cricket Stadium,Rajasthan Royals,Sunrisers Hyderabad,Sunrisers Hyderabad,field,Sunrisers Hyderabad
Dubai International Cricket Stadium,Delhi Capitals,Royal Challengers Bangalore,Royal Challengers Bangalore,field,Delhi Capitals
Sharjah Cricket Stadium,Kolkata Knight Riders,Kings XI Punjab,Kings XI Punjab,field,Kings XI Punjab
Sharjah Cricket Stadium,Chennai Super Kings,Mumbai Indians,Mumbai Indians,field,Mumbai Indians
Dubai International Cricket Stadium,Rajasthan Royals,Royal Challengers Bangalore,Rajasthan Royals,bat,Royal Challengers Bangalore
Sheikh Zayed Stadium,Kolkata Knight Riders,Kings XI Punjab,Kolkata Knight Riders,bat,Kolkata Knight Riders
Dubai International Cricket Stadium,Sunrisers Hyderabad,Delhi Capitals,Delhi Capitals,field,Sunrisers Hyderabad
Dubai International Cricket Stadium,Royal Challengers Bangalore,Chennai Super Kings,Royal Challengers Bangalore,bat,Royal Challengers Bangalore
Sheikh Zayed Stadium,Kolkata Knight Riders,Mumbai Indians,Kolkata Knight Riders,bat,Mumbai Indians
Sharjah Cricket Stadium,Kings XI Punjab,Rajasthan Royals,Rajasthan Royals,field,Rajasthan Royals
Dubai International Cricket Stadium,Chennai Super Kings,Sunrisers Hyderabad,Chennai Super Kings,bat,Chennai Super Kings
Sheikh Zayed Stadium,Delhi Capitals,Mumbai Indians,Delhi Capitals,bat,Mumbai Indians
Dubai International Cricket Stadium,Kolkata Knight Riders,Rajasthan Royals,Rajasthan Royals,field,Kolkata Knight Riders
Sharjah Cricket Stadium,Royal Challengers Bangalore,Kings XI Punjab,Royal Challengers Bangalore,bat,Kings XI Punjab
Sheikh Zayed Stadium,Sunrisers Hyderabad,Delhi Capitals,Delhi Capitals,field,Sunrisers Hyderabad
Sheikh Zayed Stadium,Chennai Super Kings,Rajasthan Royals,Chennai Super Kings,bat,Rajasthan Royals
Dubai International Cricket Stadium,Royal Challengers Bangalore,Sunrisers Hyderabad,Sunrisers Hyderabad,field,Royal Challengers Bangalore
Dubai International Cricket Stadium,Delhi Capitals,Mumbai Indians,Mumbai Indians,field,Mumbai Indians
Dubai International Cricket Stadium,Kolkata Knight Riders,Chennai Super Kings,Chennai Super Kings,field,Chennai Super Kings
Sheikh Zayed Stadium,Kings XI Punjab,Rajasthan Royals,Rajasthan Royals,field,Rajasthan Royals
Sharjah Cricket Stadium,Mumbai Indians,Sunrisers Hyderabad,Mumbai Indians,bat,Mumbai Indians
Dubai International Cricket Stadium,Delhi Capitals,Chennai Super Kings,Chennai Super Kings,field,Delhi Capitals
Sharjah Cricket Stadium,Royal Challengers Bangalore,Kolkata Knight Riders,Royal Challengers Bangalore,bat,Royal Challengers Bangalore
Sheikh Zayed Stadium,Mumbai Indians,Rajasthan Royals,Mumbai Indians,bat,Rajasthan Royals
Dubai International Cricket Stadium,Sunrisers Hyderabad,Kings XI Punjab,Sunrisers Hyderabad,bat,Sunrisers Hyderabad
Dubai International Cricket Stadium,Delhi Capitals,Rajasthan Royals,Delhi Capitals,bat,Delhi Capitals
Dubai International Cricket Stadium,Royal Challengers Bangalore,Chennai Super Kings,Royal Challengers Bangalore,bat,Chennai Super Kings
Sheikh Zayed Stadium,Sunrisers Hyderabad,Kolkata Knight Riders,Sunrisers Hyderabad,bat,Kolkata Knight Riders
Dubai International Cricket Stadium,Delhi Capitals,Kings XI Punjab,Delhi Capitals,bat,Kings XI Punjab
Dubai International Cricket Stadium,Royal Challengers Bangalore,Mumbai Indians,Mumbai Indians,field,Royal Challengers Bangalore
Dubai International Cricket Stadium,Mumbai Indians,Delhi Capitals,Delhi Capitals,field,Mumbai Indians
Sheikh Zayed Stadium,Royal Challengers Bangalore,Sunrisers Hyderabad,Sunrisers Hyderabad,field,Sunrisers Hyderabad
Sheikh Zayed Stadium,Delhi Capitals,Sunrisers Hyderabad,Delhi Capitals,bat,Delhi Capitals
Dubai International Cricket Stadium,Delhi Capitals,Mumbai Indians,Delhi Capitals,bat,Mumbai Indians
